date,log_return,rv_1d,log_har_daily,log_har_weekly,log_har_monthly,log_vix,log_forward_rv_5d,target_available_date_5d
2026-08-03,0.014682592263996597,0.0002155785155907727,-8.44218537328821,-8.7742800763162,-9.669952543355093,2.7638001945596176,-7.931898249847368,2026-08-10
2026-07-31,0.006979208383379287,4.8709349658631724e-05,-9.929639561525617,-9.10103992666062,-9.834622924787803,2.771963512531802,-7.4626383382372685,2026-08-07
2026-07-30,0.016468013977055662,0.00027119548434850066,-8.21267065266903,-9.191938676201746,-9.823209420661435,2.8384935060559893,-7.444173601098507,2026-08-06
2026-07-29,-0.01527739715707277,0.00023339886389493514,-8.36276170575462,-9.469012239470706,-9.943163765921023,3.028199456305825,-7.066829229706797,2026-08-05
2026-07-28,0.002102096375459439,4.418809171719711e-06,-12.329640316337223,-10.384744711435955,-10.19234080739677,2.9019708434634395,-6.827543231407152,2026-08-04
2026-07-27,0.00016191330177584007,2.6215917291954255e-08,-17.456899080423877,-9.996353798219303,-10.197705636720903,2.9269179616400773,-7.164842163882087,2026-08-03
2026-07-24,0.0004966405371877869,2.4665182317817354e-07,-15.215288117531674,-9.980180858902177,-10.196558343990034,2.922085729279452,-7.4916020142265,2026-07-31
2026-07-23,-0.012163372131276162,0.0001479476216039056,-8.818652254922123,-9.612859423039135,-9.969616060682103,2.928523564659441,-7.582500763767625,2026-07-30
2026-07-22,-0.0013646224263990092,1.8621943666311194e-06,-13.19375499861141,-10.065879894208365,-10.109235056106678,2.8118093987132804,-7.8595743270365785,2026-07-29
2026-07-21,0.008817378432212308,7.774616241684279e-05,-9.462061366105806,-10.007981511744198,-9.988889791372632,2.836150158982343,-8.775306799001788,2026-07-28
2026-07-20,-0.0019341238867802701,3.740835209414019e-06,-12.496201653444453,-10.340283067556678,-9.920351846344005,2.9258461256356836,-8.386915885785156,2026-07-27
2026-07-17,-0.010149876192112828,0.00010301998671521879,-9.180587542780263,-10.026222549487802,-9.894114793119865,2.9322598749864657,-8.370742946468031,2026-07-24
2026-07-16,-0.005114462132766562,2.615772290750309e-05,-10.551366079984115,-10.514173201747495,-9.755006200130714,2.817203487636887,-8.003421510605003,2026-07-23
2026-07-15,0.0038118699420550683,1.453035245514291e-05,-11.139270823612074,-10.258129726405906,-9.755812333291248,2.7517480612367198,-8.456441981774216,2026-07-22
2026-07-14,0.003751931076882542,1.4076986805676991e-05,-11.170969235415397,-10.296322780079263,-9.552741534650254,2.803360380906535,-8.398543599310052,2026-07-21
2026-07-13,-0.007958609028042574,6.333945766124076e-05,-9.667002079232706,-10.262194280447257,-9.402822672190839,2.842581085167748,-8.730845155122513,2026-07-20
2026-07-10,0.004200010992571279,1.764009233771958e-05,-10.945336272834727,-10.328945974438652,-9.434555456447917,2.7100481859984953,-8.416784637053654,2026-07-17
2026-07-09,0.008109821657157568,6.576920731090191e-05,-9.62935880316546,-10.443210391985767,-9.439571767800517,2.7625383960193535,-8.904735289313319,2026-07-16
2026-07-08,-0.0028212145626138607,7.959251608304517e-06,-11.741175581585273,-10.987081590785118,-9.122554277919939,2.8273135993568546,-8.648691813971746,2026-07-15
2026-07-07,-0.0044650632531855194,1.9936789854947655e-05,-10.822943796614187,-10.49140050316583,-9.11905602238653,2.780680840107767,-8.686884867645102,2026-07-14
2026-07-06,0.007215413830444106,5.206219674456409e-05,-9.863071462888481,-9.882143227015936,-9.104715534597538,2.745345966245664,-8.652756368013097,2026-07-13
2026-07-02,1.3702504482182576e-06,1.8775862908423357e-12,-27.001034051826636,-10.109018101471342,-9.125541527452993,2.781920026048249,-8.719508062004488,2026-07-10
2026-07-01,-0.0021531509855510222,4.636059166579338e-06,-12.28164587014816,-10.108969756931701,-9.12267507574053,2.8088001133999354,-8.833772479551596,2026-07-09
2026-06-30,0.007888998838147643,6.223630266829486e-05,-9.68457208428836,-10.127157778686222,-9.122644917849044,2.800325523590678,-9.377643678350896,2026-07-08
2026-06-29,0.011681561359345949,0.00013645887579216438,-8.899487264979946,-9.575766619896656,-9.134928585775468,2.87073576176629,-8.881962590731654,2026-07-07
2026-06-26,-0.0004717686829192047,2.2256569018332111e-07,-15.318043542134946,-10.012097896537362,-9.194158317303781,2.912893986956671,-8.272705314581795,2026-07-06
2026-06-25,-9.921104004639858e-05,9.842830467088103e-09,-18.436522518150998,-9.594755572433675,-9.177806401753733,2.9386326492025887,-8.499580189037191,2026-07-02
2026-06-24,-0.0009834153677328317,9.671057854931006e-07,-13.84895795193025,-9.230934388548414,-9.171740190659264,2.924773139566078,-8.49953184449755,2026-07-01
2026-06-23,-0.014466928386097422,0.00020929201692847135,-8.47178007100528,-9.168554288365783,-9.170878919846881,2.969901501775917,-8.517719866252069,2026-06-30
2026-06-22,-0.0037119326849772705,1.3778444257802569e-05,-11.192405197315233,-9.060570497110614,-9.2128516667453,2.8495498031123385,-7.966328707462525,2026-06-29
2026-06-18,0.010787813962926052,0.00011637693009870228,-9.058676237338497,-9.041214737545326,-9.19876970979561,2.797281311569803,-8.402659984103215,2026-06-26
2026-06-17,-0.012222675603359434,0.00014939379890495792,-8.808924792787238,-8.769022877077829,-9.252219757629078,2.9145222470903573,-7.985317659999544,2026-06-25
2026-06-16,-0.005700396039273414,3.249451500456403e-05,-10.334439251962026,-8.628436888197154,-9.249678018723928,2.79789089580353,-7.6214964761142925,2026-06-24
2026-06-15,0.016393284138581876,0.00026873976484828013,-8.221767063533095,-8.65774216137158,-9.23761558073375,2.785011289333365,-7.559116375931662,2026-06-23
2026-06-12,0.005012928127161587,2.5129448408087774e-05,-10.591470156188555,-9.013156027922863,-9.35374877449737,2.8724340744705708,-7.451132584676495,2026-06-22
2026-06-11,0.01736719891346361,0.00030161959809981163,-8.10634394350457,-8.253164059072024,-9.365653574686968,2.9673328265043923,-7.431776825111207,2026-06-18
2026-06-10,-0.016332095868206054,0.00026673735544827326,-8.229246071161704,-8.500411968603226,-9.537941198280892,3.1009927533093453,-7.159584964643715,2026-06-17
2026-06-09,-0.00257971859262085,6.6549480171136985e-06,-11.92014991725008,-8.734185914106005,-9.670146768448214,2.9892110987999296,-7.018998975763042,2026-06-16
2026-06-08,0.00297370520766016,8.842922662065155e-06,-11.635893118076096,-8.740401471970854,-9.664501638905506,2.9402195676561815,-7.048304248937467,2026-06-15
2026-06-05,-0.026801330315359806,0.0007183113066730246,-7.238607508128907,-8.742865656710213,-9.530126574319151,3.0685179539203564,-7.403718115488746,2026-06-12
2026-06-04,0.004046762369187107,1.6376285672668847e-05,-11.019676265163593,-10.98965830278906,-10.055408925058593,2.7343674846488217,-6.643726146637916,2026-06-11
2026-06-03,-0.0073993488920685024,5.4750364026555376e-05,-9.812726540402911,-10.81065904033789,-10.055205361599754,2.776331675264716,-6.890974056169115,2026-06-10
2026-06-02,0.0012912549125889683,1.6673392492851442e-06,-13.304281466031425,-11.592122109832479,-10.105321716163878,2.7581094300024462,-7.124748001671892,2026-06-09
2026-06-01,0.0026218560604913677,6.8741292019353144e-06,-11.88774558397057,-11.022999331141442,-9.997753781228838,2.7757088020408553,-7.13096355953674,2026-06-08
2026-05-29,0.0021699047314864828,4.708486543727425e-06,-12.26614402986861,-10.941105703231756,-10.00448410015786,2.729159144392355,-7.1334277442761005,2026-06-05
2026-05-28,0.005737227212216922,3.291577608460236e-05,-10.321558498874813,-10.961304717648071,-9.98519865849985,2.756205228447844,-9.380220390354836,2026-06-04
2026-05-27,0.00016486555361971966,2.718065077033666e-08,-17.42076048552488,-10.294395119118883,-10.016663306916398,2.7905514788157535,-9.201221127903688,2026-06-03
2026-05-26,0.006089680623146521,3.7084210091926196e-05,-10.202319282937177,-10.059051219729161,-9.954453311283784,2.8338014198634927,-9.982684197398152,2026-06-02
2026-05-22,0.0037200452843411114,1.383873691754854e-05,-11.188038875122396,-10.246312900067252,-9.973705608211331,2.8154087651077058,-9.413561418707213,2026-06-01
2026-05-21,0.0017138609316660336,2.9373192930911647e-06,-12.73801319763182,-9.661750252656677,-9.885602446652172,2.818995108710371,-9.331667790797539,2026-05-29
2026-05-20,0.01073420806632619,0.00011522322281118223,-9.068639243115769,-9.501788701295695,-9.852560725375934,2.858766449103403,-9.35186680521385,2026-05-28
2026-05-19,-0.006700720556670703,4.489965597858934e-05,-10.011080425192203,-9.746888279641015,-9.952011172431902,2.8936995184175425,-8.684957206684722,2026-05-27
2026-05-18,-0.0007359385925660433,5.416056120280887e-07,-14.428727753459473,-9.903269432235142,-9.862306394425561,2.8803214049171983,-8.449613307295012,2026-05-26
2026-05-15,-0.012440381787730104,0.00015476309902448686,-8.773615003620082,-9.891398778593194,-9.85686642607012,2.913979788240374,-8.636874987633092,2026-05-22
2026-05-14,0.007626449143739222,5.816272654204072e-05,-9.752265845816511,-10.29696674637671,-9.939733088238814,2.8483916989161067,-8.052312340222544,2026-05-21
2026-05-13,0.005832206062995837,3.4014627561245405e-05,-10.28871990347766,-10.596376006410042,-9.867858398796345,2.8831233761345922,-7.892350788861567,2026-05-20
2026-05-12,-0.001603894411408291,2.572477282946748e-06,-12.870641200007325,-9.718591333500775,-9.809553226591278,2.8898160352397158,-8.13745036720688,2026-05-19
2026-05-11,0.0018781917406744952,3.5276042147378904e-06,-12.554891610144038,-9.528882657991815,-9.810608762633326,2.9112630712673986,-8.293831519801,2026-05-18
2026-05-08,0.00839040542903291,7.039890326354493e-05,-9.561332873564453,-9.493644776595852,-9.78258243702631,2.8443278504626814,-8.281960866159052,2026-05-15
2026-05-07,-0.0038103454826785566,1.4518732697368883e-05,-11.140070832172258,-9.673022430295608,-9.419589651608879,2.8379081838935654,-8.687528833942547,2026-05-14
2026-05-06,0.014482944327745884,0.00020975567640058666,-8.469567150286666,-9.42344448144123,-9.427433016984706,2.8558952932683437,-8.986938093975859,2026-05-13
2026-05-05,0.008087227380576323,6.540324670514337e-05,-9.634938656923802,-10.15482623710825,-9.54109684198851,2.855320071549938,-8.10915342106664,2026-05-12
2026-05-04,-0.0040704624878422635,1.656866486493103e-05,-11.007997305213879,-10.393810397441444,-9.582532543746538,2.9063545124589427,-7.919444745557686,2026-05-11
2026-05-01,0.0029240496865217125,8.550066569247725e-06,-11.669571489168987,-10.497293570566761,-9.560064905115729,2.8326249222122786,-7.884206864161723,2026-05-08
2026-04-30,0.010186184168105683,0.00010375834790656687,-9.173445940340297,-10.164427705673441,-9.137285963795897,2.826721694682848,-8.063584517861475,2026-05-07
2026-04-29,-0.0003992517435129628,1.594019546981406e-07,-15.651836807816421,-10.761746503524508,-9.175232919844564,2.934388614920721,-7.814006569007103,2026-05-06
2026-04-28,-0.004906187868796152,2.4070679403922534e-05,-10.634516080397203,-10.058527583740982,-9.05769054101892,2.880882427596084,-8.545388324674096,2026-05-05
2026-04-27,0.001231618000550938,1.5168828992810904e-06,-13.398853052877232,-9.98434302737442,-8.952503591221474,2.891482277583281,-8.784372485007275,2026-05-04
2026-04-24,0.0079420679176323,6.307644280828427e-05,-9.671163189211505,-9.966572526580661,-8.942824249194645,2.9290580913534825,-8.887855658132585,2026-05-01
2026-04-23,-0.004141432170939652,1.7151460426493917e-05,-10.973427231914112,-9.672738554013996,-8.960022020157876,2.9606230687833737,-8.554989793239287,2026-04-30
2026-04-22,0.010405756011536482,0.00010827975817162764,-9.130792326582068,-9.706184001920265,-8.920968956962714,2.9402195676561815,-9.152308591090309,2026-04-29
2026-04-21,-0.0063684535808530285,4.0557201011479764e-05,-10.112797209655257,-9.866738675907383,-8.87950226302634,2.970414465569701,-8.449089671306833,2026-04-28
2026-04-20,-0.0023771959102507623,5.651060395712951e-06,-12.083667349758576,-9.549965910938667,-8.890329113933122,2.9375734038549357,-8.374905114940274,2026-04-27
2026-04-17,0.01196855392873708,0.00014324628314508778,-8.850945149337194,-9.309454316860409,-8.83197196044734,2.861057344039536,-8.357134614146515,2026-04-24
2026-04-16,0.0026065558152854607,6.794133218198452e-06,-11.89945108020522,-9.68556985934857,-8.875577044110216,2.8870328863997474,-8.063300641579863,2026-04-23
2026-04-15,0.007944144911565587,6.310943837595341e-05,-9.670640221536967,-9.590393118426357,-8.84520763612403,2.899771886606976,-8.096746089486132,2026-04-22
2026-04-14,0.011713988916143947,0.00013721753632754325,-8.893943035041813,-8.630970007820782,-8.853499512491217,2.910174418435893,-8.257300763473243,2026-04-21
2026-04-13,0.010121875493741328,0.00010245236351080125,-9.1861126136499,-8.797151040043737,-8.822723220426067,2.9507349515162145,-7.940527998504538,2026-04-20
2026-04-10,-0.0011391696991402966,1.297707603439394e-06,-13.554911232054641,-8.913391507760863,-8.854615048710047,2.956471535796025,-7.700016404426285,2026-04-17
2026-04-09,0.0061510668695135,3.78356236332266e-05,-10.182259474982134,-8.913455045842468,-8.853573898830083,2.969901501775917,-8.076131946914437,2026-04-16
2026-04-08,0.024772038357184556,0.000613653884369823,-7.3960794949973,-8.894046748327295,-8.843899641177279,3.0464254313831653,-7.980955205992227,2026-04-15
2026-04-07,0.00075896003312792,5.760203318855335e-07,-14.36712287846111,-8.625995464974382,-8.991318550136263,3.249599024145855,-7.02153209538667,2026-04-14
2026-04-06,0.004417013131604364,1.951000500476539e-05,-10.844583146806203,-8.60934980801499,-8.979885861780131,3.185112197871947,-7.187713127609624,2026-04-13
2026-04-02,0.001120248136237123,1.2549558867427479e-06,-13.58841013600408,-8.354376544142509,-8.965484494216765,3.1726224755092383,-7.303953595326749,2026-04-10
2026-04-01,0.007142945003758783,5.1021663326722555e-05,-9.883260244317452,-8.122519496675082,-8.934381432744429,3.2003044765903175,-7.304017133408352,2026-04-09
2026-03-31,0.02871489330980026,0.0008245450977932118,-7.1006787203189,-8.137328463147568,-8.95208129948586,3.228826155721369,-7.28460883589318,2026-04-08
2026-03-30,-0.003953553833357049,1.5630587913252215e-05,-11.066280799826764,-8.945515805213494,-9.284549680071398,3.421326772896934,-7.016557552540271,2026-04-07
2026-03-27,-0.01686323194605066,0.0002843685916663036,-8.165239303312783,-8.784210777742093,-9.278052777382403,3.4355987838081687,-6.999911895580878,2026-04-06
2026-03-26,-0.017559440961209205,0.00030833396687019165,-8.084327054407934,-8.854102586607384,-9.39052169806469,3.3120018223204255,-6.7449386317084,2026-04-02
2026-03-25,0.005404493759948892,2.920855280132651e-05,-10.441048987423068,-9.400977356778332,-9.536933599977104,3.2319894610015845,-6.5130815842409735,2026-04-01
2026-03-24,-0.0037495954593200764,1.4059466108553735e-05,-11.172214644667323,-9.07629018553597,-9.48788379433145,3.2939833256644473,-6.52789055071346,2026-03-31
2026-03-23,0.011388109095072707,0.0001296890287612777,-8.950371059569967,-9.0901221507266,-9.467827143179727,3.263849175923179,-7.336077892779377,2026-03-30
2026-03-20,-0.015253934307770223,0.00023268251186576942,-8.365835643613947,-9.141211752397734,-9.542082013990376,3.2876553659032615,-7.174772865307979,2026-03-27
2026-03-19,-0.0027525826238985474,7.5767111013882115e-06,-11.790431344105647,-9.595882062429155,-9.678885406510854,3.180550688349624,-7.2446646741732685,2026-03-26
2026-03-18,-0.013700999383731371,0.0001877173841130074,-8.580573002181989,-9.082954703356998,-9.683627313165625,3.222469366459953,-7.791539444344206,2026-03-25
2026-03-17,0.0024911493849533173,6.205825258153291e-06,-11.99002214925469,-9.482379362658177,-9.83072349589167,3.107720813018059,-7.4668522731018525,2026-03-24
2026-03-16,0.010079909746819382,0.00010160458050402438,-9.194421940135104,-9.486687086527771,-9.643936345745223,3.157425872287488,-7.48068423829248,2026-03-23
2026-03-13,-0.0060775463985027756,3.693657022595406e-05,-10.20630843466254,-9.5783330077778,-9.71785270550101,3.3028492782860717,-7.531773839963614,2026-03-20
2026-03-12,-0.015344808189492909,0.00023546313837232864,-8.353956181717376,-9.235110531482551,-9.73766891248814,3.3065203682683353,-7.986444149995024,2026-03-19
2026-03-11,-0.0008379521856358707,7.021638654119327e-07,-14.169099033647605,-9.774671655964221,-9.917369573910875,3.1875915159360004,-7.473516790922879,2026-03-18
2026-03-10,-0.0021374025058875645,4.56848947217444e-06,-12.296327938948513,-9.586166017643176,-9.617247955956564,3.2160719097767734,-7.872941450224048,2026-03-17
2026-03-09,0.008269871665389061,6.839077736200485e-05,-9.590272576315494,-9.363883406267048,-9.521364857180826,3.2386784521643803,-7.877249174093643,2026-03-16
2026-03-06,-0.013365720432496175,0.00017864248267964575,-8.630124052859632,-9.537179788672242,-9.548103995906015,3.3840512150658477,-7.968895095343671,2026-03-13
2026-03-05,-0.005662707772703612,3.20662593190379e-05,-10.347706192189914,-10.12229397504003,-9.619003888577643,3.1675825304806504,-7.625672619048428,2026-03-12
2026-03-04,0.007726125740148859,5.969301895259076e-05,-9.726295479870695,-10.137956288811486,-9.621165234748666,3.051639887455893,-8.165233743530084,2026-03-11
2026-03-03,-0.009488908731311696,9.003938891116333e-05,-9.315263328808355,-10.108200182291018,-9.649747805391154,3.159974704000404,-7.9767281052090455,2026-03-10
2026-03-02,0.0003982754131346411,1.5862330470756905e-07,-15.656733598391703,-10.27871459633835,-9.714104893106615,3.065258361112005,-7.7544454938329235,2026-03-09
2026-02-27,-0.004348795128036542,1.8912019065634367e-05,-10.87571290861745,-9.787956140035718,-9.714219198872389,2.988707689349733,-7.927741876238113,2026-03-06
2026-02-26,-0.0053800269955672775,2.8944690473032668e-05,-10.450123774115196,-9.689883433231012,-9.715964550645305,2.924773139566078,-8.512856062605877,2026-03-05
2026-02-25,0.008103433970129359,6.566564210824646e-05,-9.630934720428606,-9.75999227818117,-9.718990267379125,2.886475304637442,-8.528518376377333,2026-03-04
2026-02-24,0.007622488962383045,5.810233798165135e-05,-9.753304654267998,-9.88872006656672,-9.769818239405417,2.972975247406338,-8.498762269856865,2026-03-03
2026-02-23,-0.01043995947145504,0.0001089927537656238,-9.124229157159432,-10.143373186916639,-9.79246494879008,3.0449985257508563,-8.669276683904188,2026-03-02
2026-02-20,0.0069157557021739535,4.7827676932151556e-05,-9.947906070714575,-10.948342953944106,-9.773332415485905,2.9491646457307357,-8.178518227601579,2026-02-27
2026-02-19,-0.002826115391535211,7.98692820627222e-06,-11.737704326892231,-9.757579779984091,-9.504414905276757,3.007166628551692,-8.080445520796879,2026-02-26
2026-02-18,0.005550636821135768,3.080956912014819e-05,-10.387685230518462,-9.785569999569415,-9.509045417513645,2.9765494969115993,-8.150554365747032,2026-02-25
2026-02-17,0.001030790630656142,1.0625293242484871e-06,-13.754858337236,-9.85878591095732,-9.523967464989429,3.010128198959819,-8.279282154132579,2026-02-24
2026-02-13,0.0004989646444464313,2.489657164075536e-07,-15.205950635071394,-9.782084666953567,-9.506986169287542,3.025291094313483,-8.533935274482486,2026-02-23
2026-02-12,-0.015784941386117524,0.0002491643745631658,-8.29739774048745,-8.929017867024859,-9.504836833521736,3.0359140485290044,-9.338905041509888,2026-02-20
2026-02-11,-4.895726995002292e-05,2.396814280959417e-09,-19.849125364279182,-9.087728091150321,-9.66797347859125,2.87073576176629,-8.148141867549954,2026-02-19
2026-02-10,-0.003309182284509049,1.0950687392108529e-05,-11.42210832813704,-9.042995573978107,-9.638487101577562,2.8786365531407747,-8.176132087135278,2026-02-18
2026-02-09,0.004680117860122124,2.1903503184634086e-05,-10.728863971165818,-8.94589320216019,-9.646149962385199,2.854168744390704,-8.24934799852318,2026-02-17
2026-02-06,0.019504344282200492,0.00038041944587860704,-7.874236109044901,-8.93519412133607,-9.653223972403975,3.014063271438193,-8.17264675451943,2026-02-13
2026-02-05,-0.012326677853831569,0.00015194698691214166,-8.791978868267366,-9.732805343352359,-9.930631275943893,3.080532896273726,-7.3195799545907425,2026-02-12
2026-02-04,-0.005085300155014849,2.586027766659405e-05,-10.562802447377587,-10.439600151403626,-10.040957734035912,2.925309776513262,-7.478290178716203,2026-02-11
2026-02-03,-0.008439495590662816,7.122508582481711e-05,-9.549665472599392,-10.634121371811979,-10.064468395016542,2.8903717578961645,-7.433557661543989,2026-02-10
2026-02-02,0.005376785277363183,2.890981991886948e-05,-10.451329230981035,-11.2387855299837,-10.082450683420653,2.793616098770161,-7.336455289726073,2026-02-09
2026-01-30,-0.004311179414457911,1.8586267943645656e-05,-10.893087532509623,-11.301108106295615,-10.112262503418588,2.858766449103403,-7.325756208901954,2026-02-06
2026-01-29,-0.0012934674424620596,1.6730580247093415e-06,-13.30085745353094,-11.656411435055704,-10.11939990091642,2.8261294394501912,-8.123367430918222,2026-02-05
2026-01-28,-8.172639170034302e-05,6.6792031003578954e-09,-18.82426715286784,-11.153967177943025,-10.121184453342007,2.794227920674744,-8.830162238969454,2026-02-04
2026-01-27,0.004073587840441206,1.659411789379045e-05,-11.00646226914392,-10.105254588166154,-10.109568341025229,2.794227920674744,-9.024683459377792,2026-02-03
2026-01-26,0.004993594260159995,2.4935983635102844e-05,-10.599198671775406,-8.991790737799596,-10.10508962098141,2.781920026048249,-9.62934761754944,2026-02-02
2026-01-23,0.0003268164274814467,1.068089772717357e-07,-16.05222385710144,-9.032006387527067,-10.08720328129309,2.7781979704876907,-9.691670193861345,2026-01-30
2026-01-22,0.005472500707902839,2.994826399799707e-05,-10.416039198421752,-9.021135394930155,-10.006466308999718,2.7498317570687476,-10.046973522621363,2026-01-29
2026-01-21,0.011521117633559896,0.0001327361515263248,-8.927147223236286,-9.023374250861595,-9.974232805370283,2.8273135993568546,-9.544529265508778,2026-01-28
2026-01-20,-0.020842460953261366,0.00043440817858822467,-7.7415259622008215,-9.264111319774157,-9.971099655061819,3.000222186422059,-8.495816675732003,2026-01-27
2026-01-16,-0.0006425086684505033,4.128173890340387e-07,-14.700260499068312,-11.689629268987195,-10.510667736098604,2.7638001945596176,-7.382352825365478,2026-01-26
2026-01-15,0.0025766039204437874,6.638887762846295e-06,-11.922566114101999,-11.004295217615669,-10.507103249502745,2.7625383960193535,-7.422568475092949,2026-01-23
2026-01-14,-0.005347633584134925,2.8597184950167747e-05,-10.462202273298665,-11.087428247445596,-10.341551359800505,2.8183982582710754,-7.411697482496037,2026-01-22
2026-01-13,-0.001941005588207645,3.7675026934533056e-06,-12.489098191528084,-11.334038478242904,-10.376359859699404,2.771337911692091,-7.413936338427477,2026-01-21
2026-01-12,0.0015763900591814206,2.485005618686003e-06,-12.905235637377594,-10.879640614100476,-10.317607234437695,2.716018363182543,-7.654673407340034,2026-01-20
2026-01-09,0.006454611138320132,4.1662004946926314e-05,-10.085920996863027,-10.54347864344269,-10.319970814937085,2.673458740536743,-10.080191356552845,2026-01-16
2026-01-08,7.654532942247272e-05,5.859187456394868e-09,-18.955254902289862,-10.88436588404599,-10.361535037501111,2.737608990998456,-9.394857305181441,2026-01-15
2026-01-07,-0.0034458535710086835,1.1873906832833297e-05,-11.341167268463458,-10.42587437119333,-10.356177702011468,2.73306797151839,-9.47799033501136,2026-01-14
2026-01-06,0.006177592003892229,3.816264296655321e-05,-10.17365345365276,-10.49554516400034,-10.37160411284057,2.691243082785829,-9.724600565808629,2026-01-13
2026-01-05,0.006334024511051695,4.011986650660366e-05,-10.123638922228926,-10.703138411463927,-10.415088155255354,2.701361187349418,-9.270202701666264,2026-01-12
2026-01-02,0.0018929140261167987,3.5831235102697084e-06,-12.539275649046708,-11.143512266591253,-10.468174282709828,2.674838082670172,-8.93404073100851,2026-01-09
2025-12-31,-0.007384867434248932,5.45362670214304e-05,-9.816644627674204,-11.054162821155971,-10.429121753259267,2.7047112870785104,-9.274927971611778,2026-01-08
2025-12-30,-0.0013766142506543844,1.8950667951047322e-06,-13.176256471974707,-11.614256367372201,-10.469949398996544,2.662355236516009,-8.81643645875916,2026-01-07
2025-12-29,-0.003498162923936121,1.2237143842401313e-05,-11.3110346543186,-10.988788508789318,-10.39962895878625,2.653241951175182,-8.886107251566164,2026-01-06
2025-12-26,-0.0003044098771098902,9.266537328205846e-08,-16.194270969409146,-10.419051868046859,-10.301387263933965,2.6100698207912507,-9.093700499029733,2026-01-05
2025-12-24,0.00321630434470066,1.0344613637740342e-05,-11.479044595193516,-10.069991564488618,-10.024735315506925,2.6004650102462374,-9.534074354157008,2026-01-02
2025-12-23,0.004540067046789886,2.061220878934744e-05,-10.789626998045065,-9.604086918494065,-9.940902542857739,2.6390573296152584,-9.444724908721739,2025-12-31
2025-12-22,0.006415870575560589,4.116339524234417e-05,-10.097961161519391,-9.649320078508548,-9.747915107997194,2.6447553453112924,-10.004818454937869,2025-12-30
2025-12-19,0.008779407421830143,7.70779946784862e-05,-9.470692730863355,-9.776902038687394,-9.769247227816756,2.7020321185427174,-9.379350596355094,2025-12-29
2025-12-18,0.007902951520478041,6.245664273502619e-05,-9.681037958193949,-9.651650455926218,-9.775900389661995,2.825536946304965,-8.809613955612688,2025-12-26
2025-12-17,-0.011659856611370145,0.00013595225619771208,-8.90320679123305,-9.851067034930779,-9.758239959906518,2.8690346681376235,-8.460553652054466,2025-12-24
2025-12-16,-0.0023867640084400676,5.6966424319848995e-06,-12.075633603700318,-10.273083518032397,-9.871057312353809,2.8021474967044036,-7.994649006059934,2025-12-23
2025-12-15,-0.0015978388918362896,2.553089124264622e-06,-12.878206510692388,-10.302024299146218,-9.655704976039619,2.803360380906535,-8.039882166074415,2025-12-22
2025-12-12,-0.01072091345855597,0.00011493798538584651,-9.071117832567028,-10.246508708861914,-9.657236729261742,2.756205228447844,-8.167464126253257,2025-12-19
2025-12-11,0.0020771919837176966,4.31472653722106e-06,-12.353476610356958,-11.232099670465782,-9.739127398351235,2.6979998909369054,-8.042212543492084,2025-12-18
2025-12-10,0.006726880659140733,4.5250923402321656e-05,-10.00328748134541,-11.280826073253163,-9.57629386385422,2.7581094300024462,-8.24162912249664,2025-12-17
2025-12-09,-0.0008767431610134935,7.686785703839325e-07,-14.078592938716442,-12.141630348130873,-9.605326641394871,2.829087214170784,-8.663645605598237,2025-12-16
2025-12-08,-0.003483315331648029,1.213348569969422e-05,-11.319541514401429,-11.961758808646968,-9.523986389234441,2.8130106275797595,-8.692586386712057,2025-12-15
2025-12-05,0.0019347688846789168,3.7433306371217e-06,-12.49553479815254,-11.548043656131927,-9.523261163018999,2.7350166394301496,-8.637070796427754,2025-12-12
2025-12-04,0.0010797387119740876,1.1658356861354615e-06,-13.662072400947862,-11.133776416745897,-9.442317450523653,2.7587432984957503,-9.622661758031525,2025-12-11
2025-12-03,0.0029753605210860457,8.852770230437425e-06,-11.634780127536688,-10.643630145463554,-9.441291947392367,2.777576259006172,-9.671388160818896,2025-12-10
2025-12-02,0.0024542211959364124,6.023201678583555e-06,-12.019891599724199,-10.168573069914347,-9.4424477098158,2.8088001133999354,-10.53219243569638,2025-12-09
2025-12-01,-0.0053375487460556315,2.8489426616520042e-05,-10.465977535437256,-9.381489076384632,-9.390469629421348,2.8472322519593383,-10.35232089621254,2025-12-08
2025-11-28,0.005340487341136679,2.852080504084112e-05,-10.464876735578091,-9.233790512603335,-9.406095706409697,2.794227920674744,-9.938605743697611,2025-12-05
2025-11-26,0.006882969436150077,4.737526825897611e-05,-9.957410232119116,-8.865251027821548,-9.419059278308092,2.8443278504626814,-9.524338504311654,2025-12-04
2025-11-25,0.009020886000833173,8.137638424002791e-05,-9.416425446950077,-8.913617284247236,-9.363594454586195,2.921008698583398,-9.034192233029366,2025-12-03
2025-11-24,0.015348818899081351,0.00023558624159679685,-8.353433505189159,-8.932586181336651,-9.373935963659546,3.0214000426107397,-8.559135157480192,2025-12-02
2025-11-21,0.009775103041592459,9.555263947375014e-05,-9.25583326365377,-9.192073502754491,-9.488274258332599,3.1540172655447054,-7.772051163950508,2025-12-01
2025-11-20,-0.015689726116315583,0.00024616750560499525,-8.309498336657297,-9.399284014628408,-9.529261302346605,3.2741213019819138,-7.624352600169214,2025-11-28
2025-11-19,0.003746807737265101,1.4038568220029626e-05,-11.173702143197152,-9.323537783850444,-9.696409660712158,3.1637858521010482,-7.255813115387433,2025-11-26
2025-11-18,-0.008290709844169797,6.873586972021398e-05,-9.585239373884397,-9.354569573907648,-9.626034034350488,3.206398324987611,-7.30417937181312,2025-11-25
2025-11-17,-0.009204497894303998,8.472278148624673e-05,-9.376126025691573,-9.515760322136662,-9.654754156588988,3.1081676653845203,-7.323148268902536,2025-11-24
2025-11-14,-0.000501851471272019,2.518548992178901e-07,-15.194412712024004,-9.17637690418896,-9.68706657789693,2.9871959386843043,-7.58263559032037,2025-11-21
2025-11-13,-0.01669545163092856,0.0002787381051606751,-8.185237908169752,-9.17379286545025,-9.675498109197223,2.995732273553991,-7.789846102194283,2025-11-20
2025-11-12,0.0006293191259452158,3.9604256228045035e-07,-14.741744150961358,-9.52166838202012,-9.89859760212102,2.862772159369253,-7.714099871416321,2025-11-19
2025-11-11,0.0020731999523917466,4.29815804259714e-06,-12.35732398922476,-9.487041334171808,-9.70272146315525,2.8495498031123385,-7.745131661473525,2025-11-18
2025-11-10,0.015283626703501696,0.00023358924521199012,-8.361946347402279,-9.182277835642811,-9.258884630138695,2.867898923718522,-7.9063224097025335,2025-11-17
2025-11-07,0.0012610463474942435,1.5902378905285723e-06,-13.351626936238958,-9.777395948072266,-9.372977870119431,2.948640662021506,-7.5669389917548395,2025-11-14
2025-11-06,-0.011241134514722972,0.00012636310517809607,-8.97635100827332,-9.759069002062514,-9.355916558246218,2.970414465569701,-7.564354953016131,2025-11-13
2025-11-05,0.0036468976756882654,1.3299862656940472e-05,-11.227756849335714,-9.858266728086218,-9.416485960365463,2.890927171896462,-7.912230469585992,2025-11-12
2025-11-04,-0.0118062503923273,0.00013938754832632853,-8.87825238696796,-9.910444677402275,-9.416514203342869,2.9444389791664403,-7.87760342173768,2025-11-11
2025-11-03,0.0017192339969174242,2.9557655361566618e-06,-12.731752875968448,-10.687856192171541,-9.497575087042497,2.8431636793528288,-7.572839923208691,2025-11-10
2025-10-31,0.002614500917884399,6.835615049618366e-06,-11.89336410652321,-9.862899104907209,-9.499135387432423,2.858766449103403,-8.16795803563813,2025-11-07
2025-10-30,-0.009954191424535352,9.908592691629315e-05,-9.219523135629878,-9.670857687517866,-9.496297065246914,2.827905153886959,-8.149631089628377,2025-11-06
2025-10-29,-4.357920473374577e-05,1.8991470852257295e-09,-20.081860954073687,-9.902870431508333,-9.547448111114633,2.8284963586871754,-8.248828815652077,2025-11-05
2025-10-28,0.0022853305022305648,5.222735504425405e-06,-12.16248925033893,-9.794473288902225,-9.543047594803955,2.7985001086706855,-8.301006764968133,2025-11-04
2025-10-27,0.012215141327379442,0.0001492096776478532,-8.810158008706656,-9.813380347673794,-9.524577598652867,2.7593768258516564,-9.07841827973735,2025-11-03
2025-10-24,0.007871361975244184,6.195833934532002e-05,-9.689048344819332,-9.956648615439978,-9.60488716916317,2.7954504426495905,-8.253461192473067,2025-10-31
2025-10-23,0.005810479862013551,3.3761676226865015e-05,-10.296184238199404,-10.11305762517834,-9.641867656197578,2.8507064574031857,-8.061419775083733,2025-10-30
2025-10-22,-0.00535183477474277,2.8642135456145993e-05,-10.460631656635167,-10.083372101365242,-9.644194120894694,2.9231616012282804,-8.29343251907419,2025-10-29
2025-10-21,3.269591641696934e-05,1.0690229503454451e-09,-20.656520736148508,-10.145084341772233,-9.650724197784088,2.8831233761345922,-8.185035376468088,2025-10-28
2025-10-20,0.010615724136144422,0.00011269359893471924,-9.090837935916499,-10.132683992746806,-9.63409450797202,2.903068563580112,-8.203942435239655,2025-10-27
2025-10-17,0.005256873944526674,2.7634723668643436e-05,-10.49643747205441,-9.639045121900264,-9.69853073511116,3.033991018714657,-8.347210703005834,2025-10-24
2025-10-16,-0.006314280275143247,3.9870135393063076e-05,-10.129883000713644,-8.465056036098659,-9.718497830578341,3.231199553456376,-8.503619712744188,2025-10-23
2025-10-15,0.00401791850342903,1.6143669100197375e-05,-11.033982591329845,-8.49615188270458,-9.747792002581763,3.0272309110420648,-8.473934188931093,2025-10-22
2025-10-14,-0.0015655514969434847,2.4509514895819858e-06,-12.919034245706378,-8.479044815666414,-9.743208497447297,3.035433614742034,-8.535646429338078,2025-10-21
2025-10-13,0.015478263036934337,0.00023957662664052774,-8.33663724806522,-8.467435123291754,-9.744927556478052,2.946016717390323,-8.523246080312653,2025-10-20
2025-10-10,-0.027485975439899946,0.0007554788458827831,-7.188158776798643,-8.70994155723459,-9.884726640800238,3.075467234528159,-8.029607209466132,2025-10-17
2025-10-09,-0.002759373980278923,7.614144763040346e-06,-11.78550288743972,-11.18773211286648,-10.981688930982028,2.7991089506234785,-6.8556181236645495,2025-10-16
2025-10-08,0.005810748494187834,3.376479806270618e-05,-10.296091775624502,-11.298090004798054,-10.982778038005442,2.7911650610066143,-6.8867139702704705,2025-10-15
2025-10-07,-0.0038186877068522307,1.4582375802464348e-05,-11.135696895244012,-11.742631003365673,-11.064513372813956,2.8472322519593383,-6.869606903232304,2025-10-14
2025-10-06,0.003639959282761396,1.3249303580160855e-05,-11.231565566901228,-11.691505873838214,-11.07775781452391,2.7954504426495905,-6.857997210857644,2025-10-13
2025-10-03,6.551065686721813e-05,4.291646163174394e-09,-19.266595456588895,-11.855377270335856,-10.925678441982523,2.812410193515358,-7.100503644800477,2025-10-10
2025-10-02,0.0006181636213824504,3.821262628006655e-07,-14.777514752061343,-11.174679265847791,-10.862351860851406,2.811208242739808,-9.578294200432229,2025-10-09
2025-10-01,0.0033941541712234624,1.1520282538033629e-05,-11.371401377126308,-10.871502014434862,-10.754819896253181,2.7905514788157535,-9.688652092363787,2025-10-08
2025-09-30,0.004082503613508592,1.6666835754310714e-05,-11.002089695997057,-10.907897236245729,-10.693525404987591,2.7899374027516357,-10.133193090931313,2025-10-07
2025-09-29,0.0026320772599124354,6.9278307021481534e-06,-11.87996382375963,-10.767759712169827,-10.707105142056072,2.780060789140106,-10.082067961403865,2025-10-06
2025-09-26,0.005884489130414394,3.462721232596515e-05,-10.270870701607208,-10.656174259993287,-10.709594981674288,2.727199017446074,-10.245939357901463,2025-10-03
2025-09-25,-0.005021648742527418,2.52169560933272e-05,-10.587993928869945,-10.753065788273467,-10.746095524135553,2.817801051388579,-9.565241353413542,2025-10-02
2025-09-24,-0.002850677165294968,8.126360300734155e-06,-11.720397422133091,-10.775683368067076,-10.760849724592784,2.7837759304916423,-9.262064102000654,2025-10-01
2025-09-23,-0.005517351828739692,3.044117120209722e-05,-10.399714549952183,-10.84690352513087,-10.376032323890414,2.8118093987132804,-9.298459323811516,2025-09-30
2025-09-22,0.004400350714762524,1.9363086412911058e-05,-10.852142066667708,-11.197477457835925,-10.397170175065007,2.778819295684189,-9.15832179973563,2025-09-29
2025-09-19,0.00487352393748175,2.3751235569207617e-05,-10.647876004870186,-11.159048003407378,-10.417384161943607,2.737608990998456,-9.046736347559099,2025-09-26
2025-09-18,0.0047776878367074005,2.2826301065021842e-05,-10.687597131354359,-11.559787204286707,-10.401150914842937,2.753660700205545,-9.14362787583927,2025-09-25
2025-09-17,-0.000970639078245128,9.421402202165516e-07,-13.875111719714596,-10.85759806355876,-10.435864398685206,2.7549338039876257,-9.166245455632877,2025-09-24
2025-09-16,-0.0012887604333311486,1.66090345451989e-06,-13.308148853935204,-10.778433725152533,-10.424357388234979,2.794839368482153,-9.237465612696663,2025-09-23
2025-09-15,0.004695577726559819,2.2048450186164676e-05,-10.722268244883358,-10.726588496314575,-10.426761649967059,2.753023540000728,-9.588039545401672,2025-09-22
2025-09-12,-0.0004828778814278678,2.3317104837226596e-07,-15.2714935395243,-10.901591789777754,-10.444793795632965,2.691920834679226,-9.549610090973133,2025-09-19
2025-09-11,0.008450087623094404,7.140398083797324e-05,-9.547156936139695,-10.800356098019487,-10.263770691172839,2.688527537206614,-9.950349291852389,2025-09-18
2025-09-10,0.002979028229397329,8.874609191546185e-06,-11.632316258327712,-10.823344397120511,-10.352464191508277,2.731115498884654,-9.248160151124551,2025-09-17
2025-09-09,0.0026845470300731478,7.206792756674558e-06,-11.840486538273563,-10.665786535300493,-10.281692708822586,2.710713315985326,-9.168995812718334,2025-09-16
2025-09-08,0.0021037644508883346,4.425824864821496e-06,-12.328053886747439,-10.364297651214986,-10.290449515704482,2.715356753563089,-9.11715058388038,2025-09-15
2025-09-05,-0.003170172669936022,1.0049994757209288e-05,-11.507938445130042,-10.154683333471404,-10.227902269708933,2.71997879207129,-9.292153877343543,2025-09-12
2025-09-04,0.008311847102874026,6.908680226155533e-05,-9.580146840200124,-10.155282496376955,-10.210866070309553,2.7278528408647205,-9.190918185585284,2025-09-11
2025-09-03,0.0050871123029416765,2.587871158274057e-05,-10.562089873854447,-10.550000047572361,-10.046049969758007,2.794227920674744,-9.213906484686309,2025-09-10
2025-09-02,-0.006946350061031836,4.8251779170396995e-05,-9.939077856861243,-10.620040770839546,-9.826638315122775,2.8431636793528288,-9.056348622866302,2025-09-09
2025-08-29,-0.006418740402791556,4.120022835842871e-05,-10.097066758943846,-10.901677859878303,-9.8561549805822,2.731766705367784,-8.75485973878082,2025-09-08
2025-08-28,0.0031517474414659574,9.933511934787208e-06,-11.519596473270528,-9.796931752545518,-9.891127423825372,2.669309393934482,-8.545245421037249,2025-09-05
2025-08-27,0.0023881304533031056,5.703167061993696e-06,-12.074488912514962,-9.775008519348455,-9.892159870598624,2.6979998909369054,-8.5458445839428,2025-09-04
2025-08-26,0.004125473710116623,1.701953333286341e-05,-10.981148853945628,-9.774219947296626,-9.89727109880969,2.6823904464939363,-8.940562135138181,2025-09-03
2025-08-25,-0.004275512539646087,1.8280007476670932e-05,-10.909702582930096,-9.714526045650336,-9.898434343539407,2.6939512741434677,-9.010602858405361,2025-09-02
2025-08-22,0.015072285158778342,0.0002271737799075299,-8.389795283113562,-9.776929759752658,-9.914659024995323,2.6546494431534917,-9.29223994744409,2025-08-29
2025-08-21,-0.004012219728950939,1.6097907153383145e-05,-11.036821284896448,-11.250980469957117,-10.080921188503593,2.8094027183426014,-8.18749384011138,2025-08-28
2025-08-20,-0.00243463063226379,5.9274263155571826e-06,-12.03592045003187,-11.533808357790537,-10.098102720354163,2.753023540000728,-8.165570606914319,2025-08-27
2025-08-19,-0.005875329112207339,3.451949217675108e-05,-10.273986402843608,-11.446406451234532,-10.102499706170784,2.745345966245664,-8.164782034862489,2025-08-26
2025-08-18,-0.0001007682577363056,1.0154241767210513e-08,-18.405374310658324,-10.440019796546814,-10.141534078007085,2.707383296845538,-8.105088133216201,2025-08-25
2025-08-15,-0.0029013399163648756,8.417773310292143e-06,-11.685165217143123,-10.397984630124881,-10.108952583808898,2.7140322828916124,-8.167491847318521,2025-08-22
2025-08-14,0.00030304487855481455,9.183619841830229e-08,-16.20325929876083,-10.104791128597993,-10.107001596779238,2.6966521510052726,-9.641542557522857,2025-08-21
2025-08-13,0.0032248733840454236,1.0399808343124582e-05,-11.473723180532469,-10.102130273670868,-10.089743496374874,2.673458740536743,-9.924370445356226,2025-08-20
2025-08-12,0.011281559075170478,0.00012727357516656136,-8.969171653158504,-9.914736656260391,-10.099009910466144,2.689886199397575,-9.836968538800237,2025-08-19
2025-08-11,-0.0025072683938844875,6.286394798972098e-06,-11.97712281548856,-10.457610993852192,-10.236697752943586,2.7880929087757464,-8.830581884112641,2025-08-18
2025-08-08,0.007769454816388688,6.036442814390538e-05,-9.71511056453043,-9.563075416471616,-10.23513280126394,2.718000506775858,-8.788546717690712,2025-08-15
2025-08-07,-0.0007977981718276794,6.364819229715875e-07,-14.267309820025332,-9.11336543045566,-10.265789713678963,2.8075938130211036,-8.495353216163842,2025-08-14
2025-08-06,0.007255522219853816,5.264260268279245e-05,-9.851984829107314,-9.08992577703427,-10.265951179141897,2.8195916031316988,-8.492692361236717,2025-08-13
2025-08-05,-0.0048697037804625865,2.3714014909451607e-05,-10.649444338209204,-9.184862441092282,-10.253408411624598,2.882003529596501,-8.305298743826249,2025-08-12
2025-08-04,0.014629564491414726,0.0002140241572084626,-8.449421665161665,-9.214402795993044,-10.196679405933722,2.8633431116363086,-8.84817308141802,2025-08-11
2025-08-01,-0.01612138718556899,0.0002598991247870281,-8.255216983821429,-9.776044571740169,-10.462656537286035,3.014553986615314,-7.953637504037485,2025-08-08
2025-07-31,-0.0037016620463745653,1.3702301905569934e-05,-11.197946716939986,-11.74073907793182,-10.99249414158708,2.8166055665892396,-7.503927518021541,2025-08-07
2025-07-30,-0.001250213938510214,1.5630348920452212e-06,-13.368881183008769,-12.14409337588664,-10.958419743445985,2.739548838590284,-7.4804878646001525,2025-08-06
2025-07-29,-0.0029638301974674874,8.784289439420166e-06,-11.642545722986302,-10.975406715558377,-10.89388782167049,2.771337911692091,-7.575424528658161,2025-08-05
2025-07-28,0.0001768424712675909,3.127325964402871e-08,-17.280502429015364,-11.078424499982981,-10.767537938131582,2.7100481859984953,-7.604964883558923,2025-08-04
2025-07-25,0.003966451001680582,1.5732733548732893e-05,-11.059767076670102,-11.053816179361649,-10.767605375006713,2.7033726319915394,-8.166606659306032,2025-08-01
2025-07-24,0.0006979799969322187,4.871760761175e-07,-14.534640226605545,-11.275348376424613,-10.560629656290212,2.733717970158959,-10.13130116549746,2025-07-31
2025-07-23,0.007781532145703096,6.055224253461063e-05,-9.712004052571542,-10.907032401276542,-10.412674278380644,2.7324175501047714,-10.534655463452149,2025-07-30
2025-07-22,0.000637328496667422,4.061876126643561e-07,-14.716450683921565,-11.70507568720259,-10.500849903038423,2.803360380906535,-9.365968803124156,2025-07-29
2025-07-21,0.0013981570056724735,1.954843012511017e-06,-13.145200668257077,-11.3895155626238,-10.5013630614036,2.812410193515358,-9.468986587548747,2025-07-28
2025-07-18,-9.049030280827708e-05,8.18849490233368e-09,-18.620535728578517,-11.389105757080127,-10.394261047008412,2.79789089580353,-9.444378266927416,2025-07-25
2025-07-17,0.005359380240012257,2.872295655703384e-05,-10.457813874896225,-11.212939044936888,-10.272234694590404,2.804571795802497,-9.665910463990349,2025-07-24
2025-07-16,0.003188568525382962,1.0166969241062878e-05,-11.49636640204586,-11.590021428413092,-10.148339901015273,2.842581085167748,-9.297594488842329,2025-07-23
2025-07-15,-0.003964145065671332,1.571444610168637e-05,-11.060930134808306,-11.139286366337044,-10.14325673228251,2.855320071549938,-10.095637774768239,2025-07-22
2025-07-14,0.0014064243309359625,1.9780293986486698e-06,-13.133409462058902,-11.374050034880776,-10.152735248941001,2.844909428176351,-9.780077650189515,2025-07-21
2025-07-11,-0.0033029717732251385,1.0909622534722016e-05,-11.425865356818463,-10.65616158820107,-10.120686625830755,2.797281311569803,-9.779667844645845,2025-07-18
2025-07-10,0.002742441072925317,7.520983038467763e-06,-11.797813705345558,-10.25543452699712,-10.13212043389021,2.7587432984957503,-9.603501132502634,2025-07-17
2025-07-09,0.006043802776780183,3.652755200461585e-05,-10.217443732689848,-10.174152905558877,-10.026911611303284,2.768831647037307,-9.980583515978767,2025-07-16
2025-07-08,-0.0007161432504698695,5.128611551935502e-07,-14.48326068105283,-10.378670026566253,-10.035722584986665,2.8219739156502905,-9.529848453902803,2025-07-15
2025-07-07,-0.007893368104245013,6.230526002911251e-05,-9.683464705091072,-10.223889785467046,-10.036249242426114,2.8786365531407747,-9.764612122446495,2025-07-14
2025-07-03,0.00830437821066532,6.896269746577294e-05,-9.581944815990845,-10.439595599784381,-10.066664319544826,2.7960610271896718,-9.04672367576688,2025-07-11
2025-07-02,0.004733874306490193,2.2409565949648008e-05,-10.706022638940173,-10.475460370038869,-10.124156430592295,2.8118093987132804,-8.64599661456296,2025-07-10
2025-07-01,-0.0011191571098798647,1.2525126365946516e-06,-13.59035891494076,-10.648406795963519,-10.149879452230905,2.8231630036695035,-8.564714993124722,2025-07-09
2025-06-30,0.005151137506128833,2.6534217607047176e-05,-10.537075427438612,-9.945262015805584,-10.132843200789754,2.817203487636887,-8.769232114132086,2025-07-08
2025-06-27,0.005205399256150045,2.7096181415927443e-05,-10.516117747168314,-9.705806478989174,-10.127508255851048,2.7923913308364643,-8.61445187303289,2025-07-07
2025-06-26,0.007988131032517387,6.381023739266729e-05,-9.659596919785857,-9.781963408681602,-9.765862839121985,2.8088001133999354,-8.830157687350209,2025-07-03
2025-06-25,-3.286108348987682e-06,1.0798508081286548e-11,-25.251613131962284,-10.03775256731436,-9.78063129487404,2.818995108710371,-8.866022457604696,2025-07-02
2025-06-24,0.01106032861695816,0.0001223308691151036,-9.008781142253964,-9.758744319576234,-9.780472127233802,2.861057344039536,-9.03896888352933,2025-07-01
2025-06-23,0.009560655071259916,9.140612539160794e-05,-9.300198064336083,-9.887593262576916,-9.67218296527456,2.9871959386843043,-8.33582410337144,2025-06-30
2025-06-20,-0.002181035215588878,4.756914611638823e-06,-12.255911290719627,-9.749346068949459,-9.728788897875175,3.026261519288784,-8.09636856655504,2025-06-27
2025-06-18,-0.00030928803471930166,9.565908842052795e-08,-16.162475128109016,-9.716303469723133,-9.731839412660701,3.002707856984976,-8.172525496247465,2025-06-26
2025-06-17,-0.008387259723644291,7.034612567186572e-05,-9.56208284810426,-9.691878141785086,-9.695274833338464,3.0726933323507546,-8.428314654880213,2025-06-25
2025-06-16,0.009348823148188856,8.74004942561118e-05,-9.34500962021452,-9.832211813236775,-9.735447527388176,2.9502117901910383,-8.149306407142097,2025-06-24
2025-06-13,-0.011360668590102208,0.00012906479081413488,-8.955196025316974,-10.22141246485818,-9.804111094474116,3.0359140485290044,-8.278155350142773,2025-06-23
2025-06-12,0.0038151330716758025,1.4555240354594445e-05,-11.137559467361678,-10.365741682874214,-9.869504694401805,2.891482277583281,-8.139908156515324,2025-06-20
2025-06-11,-0.002747660318286549,7.549637224686539e-06,-11.794011045568157,-10.283818436148714,-9.233316669592417,2.8483916989161067,-8.106865557288998,2025-06-18
2025-06-10,0.0054680125416464165,2.9899161155602504e-05,-10.417680132957754,-10.328964054153916,-9.23659785079997,2.8302678788376356,-8.08244022935095,2025-06-17
2025-06-09,0.000919525186391823,8.455265684089168e-07,-13.983306245791109,-10.307465667304863,-9.234945368715723,2.842581085167748,-8.222773900802636,2025-06-16
2025-06-06,0.010228196215376073,0.00010461599782023342,-9.165214075195955,-10.216407358492095,-9.226611564238015,2.8195916031316988,-8.611974552424023,2025-06-13
2025-06-05,-0.005291357978697064,2.7998469258721082e-05,-10.483360718614883,-11.06545208452202,-9.247607360378806,2.916689041442776,-8.756303770440047,2025-06-12
2025-06-04,7.368474471824982e-05,5.429441604193645e-09,-19.031429543611935,-11.231593903776698,-9.241498384272644,2.8684669571674872,-8.674380523714552,2025-06-11
2025-06-03,0.005783533535369756,3.3449260154746586e-05,-10.305480889579437,-10.84559288967898,-9.145990253230234,2.8729995383614964,-8.719526141719752,2025-06-10
2025-06-02,0.004093651490626016,1.67579825267046e-05,-10.99663584445754,-9.263383948184421,-9.143444328072121,2.910174418435893,-8.6980277548707,2025-06-09
2025-05-30,-8.118845699556232e-05,6.591565549320272e-09,-18.837474952257438,-9.204922335931894,-9.14965813995753,2.921547358930808,-8.606969446057937,2025-06-06
2025-05-29,0.004003170870632289,1.6025377019478876e-05,-11.041337028477734,-9.204541663375043,-9.13544302265373,2.9538680853664383,-9.456014172087787,2025-06-05
2025-05-28,-0.005586802576445393,3.121236302817688e-05,-10.374696290732388,-8.802892490137513,-9.142050406488075,2.9606230687833737,-9.62215599134244,2025-06-04
2025-05-27,0.020252580802184283,0.0004101670291490034,-7.798946093057649,-8.824546135683912,-9.132437355339352,2.9423314485395675,-9.236154977244771,2025-06-03
2025-05-23,-0.00673089959147255,4.530500931048534e-05,-10.002092950783476,-9.63807907659208,-9.135764121205083,3.104138188471233,-7.653946035750298,2025-06-02
2025-05-22,-0.00044497002242138706,1.979983208536897e-07,-15.435007286824757,-9.62762063057235,-9.044027495227068,3.009635212581242,-7.595484423497773,2025-05-30
2025-05-21,-0.01626671926775991,0.00026460615573611153,-8.237268042245217,-9.577856738852345,-8.831511594525143,3.0383127613015377,-7.595103750940922,2025-05-29
2025-05-20,-0.003887777069571996,1.5114810542689817e-05,-11.099835464201762,-11.01011353412262,-8.741058588764874,2.895359307842134,-7.193454577703398,2025-05-28
2025-05-19,0.0008757295660490882,7.669022728525244e-07,-14.080906458491732,-10.639863620117277,-8.744863057836167,2.8981194110402666,-7.215108223249797,2025-05-27
2025-05-16,0.00698084936809984,4.873225790009993e-05,-9.929169367273609,-8.38134784507363,-8.608272446085234,2.8472322519593383,-8.028641164157948,2025-05-23
2025-05-15,0.004123817438756561,1.700587026819272e-05,-10.981951963620109,-8.42435968423625,-8.619724962392528,2.880882427596084,-8.018182718138219,2025-05-22
2025-05-14,0.0010238912422764201,1.0483532760103509e-06,-13.768289933439599,-8.409490575744732,-8.608304090569657,2.924236316920531,-7.968418826418215,2025-05-21
2025-05-13,0.007222059020246974,5.215813649193068e-05,-9.861230367749226,-8.393669179484894,-8.53154969931372,2.9025198541454498,-9.400675621688393,2025-05-20
2025-05-12,0.03203997667701941,0.0010265601054639478,-6.881541769430941,-8.387074519503612,-8.28940305834245,2.911807005426911,-9.030425707683088,2025-05-19
2025-05-09,-0.0007117341348763517,5.065654787481888e-07,-14.49561224471649,-10.391967126196937,-7.452409201571492,3.086486619403746,-6.771909932639521,2025-05-16
2025-05-08,0.005783021147466982,3.344333359205033e-05,-10.305658085958882,-9.52066670898568,-7.43301322864307,3.1126260046623373,-6.81492177180214,2025-05-15
2025-05-07,0.004336938106709098,1.88090321414255e-05,-10.881173370444833,-9.50446804950406,-7.435167200551559,3.1591257880658463,-6.800052663310622,2025-05-14
2025-05-06,-0.007722985278391548,5.964450161025257e-05,-9.727108591200349,-9.550105450782903,-7.179818505993362,3.2092294570604114,-6.784231267050783,2025-05-13
2025-05-05,-0.00640204702931868,4.098620616560814e-05,-10.10227498285208,-9.626468359102374,-7.045929326649503,3.162940166719303,-6.777636607069502,2025-05-12
2025-05-02,0.014619191109114027,0.00021372074868479863,-8.450840307770234,-9.757754053852292,-7.045721649082439,3.1214834923152734,-8.782529213762768,2025-05-09
2025-05-01,0.006279345716452056,3.9430182626724785e-05,-10.140978978416056,-10.56152884462421,-7.0561846910312465,3.2027464584452163,-7.9112287965515495,2025-05-08
2025-04-30,0.0014788972519319543,2.1871370817718862e-06,-13.032917137954186,-9.225851410027333,-7.056655344304326,3.206803274522168,-7.8950301370699325,2025-05-07
2025-04-29,0.005785641545557496,3.347364809368093e-05,-10.304752052753537,-8.787486952873847,-7.036021801037349,3.185112197871947,-7.940667538348773,2025-05-06
2025-04-28,0.0006405015390011926,4.102422214628962e-07,-14.706518067636411,-8.220749736120345,-7.037185235762961,3.224857881377966,-8.017030446668242,2025-05-05
2025-04-25,0.007346084795701202,5.396496182563237e-05,-9.827175577078442,-7.868279032521432,-7.030714964671904,3.2124552632081076,-8.148316141418155,2025-05-02
2025-04-24,0.020056628082583572,0.00040226833004307995,-7.818391204346713,-7.89594209830956,-7.033365167327083,3.2760119902984917,-8.952090932190028,2025-05-01
2025-04-23,0.016523864366879693,0.00027303809361503643,-8.205899235462288,-7.837835683071635,-7.038340348340376,3.348148187389192,-7.6164134975932125,2025-04-30
2025-04-22,0.024806952125450366,0.0006153848737543864,-7.393262674913048,-7.985058875765239,-7.052547670112112,3.4200191259198913,-7.178049040439733,2025-04-29
2025-04-21,-0.02384964833401959,0.0005688057256564035,-7.4719716133226655,-8.377606927278967,-7.085152194879956,3.5210523344469045,-6.611311823686237,2025-04-28
2025-04-17,0.0013259586237737153,1.7581662719598852e-06,-13.251239182991753,-8.619789953061789,-7.110071993341122,3.3894621125779762,-6.258841120087326,2025-04-25
2025-04-16,-0.022663253964902097,0.0005136230802776506,-7.574020868362914,-7.755815651118052,-7.103805761097979,3.4855385113964097,-6.286504185875454,2025-04-24
2025-04-15,-0.0017292752253013077,2.9903928048408885e-06,-12.720105806333853,-6.225721634475736,-7.130294619672727,3.405189430794687,-6.22839777063753,2025-04-23
2025-04-14,0.007913319326343426,6.262062276068038e-05,-9.678415897039127,-6.201008712741391,-7.105627071785186,3.430432487171618,-6.375620963331133,2025-04-22
2025-04-11,0.017930380835776916,0.0003214985569159961,-8.042517502893887,-6.206664669048358,-7.098282889807119,3.625939690902655,-6.768169014844857,2025-04-21
2025-04-10,-0.03522060702411167,0.0012404911591469045,-6.692247881704325,-5.910516754586831,-7.114792231845498,3.7067194022202417,-7.0103520406276765,2025-04-17
2025-04-09,0.09089487983303712,0.008261879179862259,-4.796103213708988,-5.82431186474856,-7.183210032390342,3.515121096210236,-6.146377738683947,2025-04-16
2025-04-08,-0.015825083277055896,0.0002504332607257542,-8.292318097185087,-6.636618739557798,-7.780814629606493,3.9575698553746506,-4.616283722041635,2025-04-15
2025-04-07,-0.002334194605962736,5.448464458505533e-06,-12.120176739721247,-6.673302918582075,-7.805061912057766,3.8497219694869678,-4.591570800307289,2025-04-14
2025-04-04,-0.06160906189823123,0.0037956765079800872,-5.573892621049144,-6.669346604259948,-7.770238560542187,3.8135277889878307,-4.597226756614257,2025-04-11
2025-04-03,-0.049605911828995986,0.002460746488386124,-6.007290524506211,-7.43611684424528,-8.273542518191444,3.401863841453939,-4.301078842152729,2025-04-10
2025-04-02,0.006705661429483811,4.4965895206866875e-05,-10.00960623982529,-9.214194460524546,-8.803436809476922,3.0685179539203564,-4.214873952314458,2025-04-09
2025-04-01,0.003774104555212432,1.4243865193675229e-05,-11.159184256671368,-9.063661365989633,-8.72484158403563,3.080532896273726,-5.027180827123695,2025-04-08
2025-03-31,0.005523240357645065,3.0506184048319187e-05,-10.397581139220467,-9.084197950021785,-8.66165426416297,3.1036894458780013,-5.063865006147973,2025-04-07
2025-03-28,-0.019934601126852414,0.00039738832208670554,-7.830596614069205,-8.688349503194058,-8.604193121607741,3.0750054368286497,-5.059908691825846,2025-04-04
2025-03-27,-0.003312461007132228,1.0972397923771454e-05,-11.420127718341721,-9.324672094023681,-8.707910893665842,2.9279886500419825,-5.826678931811176,2025-04-03
2025-03-26,-0.011219640357598593,0.00012588032975385506,-8.980178866182564,-9.338644711391588,-8.704881827720644,2.908539057689369,-7.604756548090424,2025-04-02
2025-03-25,0.0015730954906540973,2.474629422716255e-06,-12.909419901349459,-9.362855024298748,-8.732984563818077,2.841998151368816,-7.454223453555514,2025-04-01
2025-03-24,0.017492117128638185,0.0003059741616419974,-8.092009898655514,-9.13057416374804,-8.653395007402475,2.861057344039536,-7.474760037587666,2025-03-31
2025-03-21,0.0008243136078327495,6.79492924058244e-07,-14.201919016863084,-9.802929704318666,-8.731110873414911,2.9590683247967924,-7.078911590759945,2025-03-28
2025-03-20,-0.00218728351378239,4.784209169664238e-06,-12.250189819515853,-8.847683535348898,-8.729716514515887,2.9856818991681933,-7.715234181589557,2025-03-27
2025-03-19,0.01074060817295397,0.0001153606639249256,-9.067447129200389,-8.612095807918383,-8.72938511606361,2.9907197125611136,-7.729206798957462,2025-03-26
2025-03-18,-0.010710667074320668,0.00011471838917693685,-9.073030222556238,-8.71824978386831,-8.762336604884291,3.0773122957049135,-7.753417111864621,2025-03-25
2025-03-17,0.006395634974605713,4.0904146728399816e-05,-10.104279113052392,-8.790503303145556,-8.764410396592934,3.0209125832438133,-7.521136251313919,2025-03-24
2025-03-14,0.021042905953198243,0.00044280389095514605,-7.722383570006823,-8.133549834428013,-8.774196712902166,3.080532896273726,-8.193491791884528,2025-03-21
2025-03-13,-0.013988366806465535,0.0001956744059122268,-8.53905847437239,-8.463531241960732,-8.913568078342335,3.2051824915485305,-7.238245622914783,2025-03-20
2025-03-12,0.004874967940491359,2.3765312420818566e-05,-10.64728350172683,-8.349374428333924,-8.965897011462438,3.1875915159360004,-7.00265789548427,2025-03-19
2025-03-11,-0.00759664691853601,5.770904440490265e-05,-9.760096647948886,-8.268685391728336,-8.942440897992915,3.292869507610626,-7.108811871434198,2025-03-18
2025-03-10,-0.02734354178842935,0.000747669277535582,-7.198549820095648,-8.198052442288684,-8.958027070757353,3.3271919902594687,-7.18106539071144,2025-03-17
2025-03-07,0.005505435045455087,3.0309815039725056e-05,-10.404038969198728,-8.57539555922081,-9.257361862037481,3.1514531844614804,-6.524111921993905,2025-03-14
2025-03-06,-0.01797967710745496,0.00032326878888834,-8.037026417056902,-8.368277464849843,-9.247163921855625,3.2136622915601216,-6.854093329526623,2025-03-13
2025-03-05,0.011097472528735608,0.00012315389652604148,-9.002075793410729,-8.428228351275216,-9.380628898075532,3.087855576345701,-6.739936515899815,2025-03-12
2025-03-04,-0.012310288231505595,0.00015154319634274515,-8.794639849280525,-8.547748457120093,-9.43463637843458,3.157425872287488,-6.659247479294228,2025-03-11
2025-03-03,-0.017753402648310157,0.0003151833055930261,-8.062356165872348,-8.691110435388486,-9.507697252461803,3.1258829881615076,-6.588614529854577,2025-03-10
2025-02-28,0.01572978042066353,0.00024742599208228976,-8.304399042561228,-9.115033078127139,-9.705437929953437,2.9770589655357758,-6.965957646786698,2025-03-07
2025-02-27,-0.015991742678524545,0.0002557358338961434,-8.271365545102057,-9.030013142424592,-9.835241459210332,3.0506937919103403,-6.758839552415734,2025-03-06
2025-02-26,0.0001360150295841578,1.850008827277932e-08,-17.80549033337193,-9.533481993817448,-9.86979356092698,2.949688355024821,-6.818790438841106,2025-03-05
2025-02-25,-0.004690715138396584,2.2002808509582882e-05,-10.724340453227247,-9.518078908528373,-9.862649715893419,2.966818279095771,-6.938310544685982,2025-03-04
2025-02-24,-0.004981493566251771,2.481527815060779e-05,-10.604051040016996,-9.562698015577983,-9.857356744692321,2.943385769063569,-7.081672522954373,2025-03-03
2025-02-21,-0.01721139667253979,0.00029623217541951383,-8.124367034685353,-9.635893235469123,-9.846453005379947,2.9019708434634395,-7.505595165693019,2025-02-28
2025-02-20,-0.004343604884288865,1.8866903390818087e-05,-10.878101314285455,-10.497282364614122,-10.055852314863792,2.751109680818858,-7.420575229990473,2025-02-27
2025-02-19,0.0023741488668242994,5.636582841843105e-06,-12.086232555179055,-10.583681134786223,-9.974584649329245,2.725890149208515,-7.924044081383317,2025-02-26
2025-02-18,0.0024420036555508062,5.9633818537235005e-06,-12.029872812690385,-10.628262235708874,-9.9757211349098,2.731115498884654,-7.9086409960942445,2025-02-25
2025-02-14,-7.194639557361882e-05,5.176283836035637e-09,-19.079178444304695,-10.350383292825365,-9.701140607742296,2.692598127536089,-7.953260103143852,2025-02-24
2025-02-13,0.010372313214235263,0.00010758488141419945,-9.137230427411644,-9.902149901842511,-9.700170352684001,2.714694769083774,-8.02645532303499,2025-02-21
2025-02-12,-0.002727583189647831,7.439710056449435e-06,-11.808678680785993,-10.375205099379242,-9.78134999303429,2.765690002154839,-8.887844452179944,2025-02-20
2025-02-11,0.00033952514367463493,1.1527732318728149e-07,-15.975925105621183,-10.326540780810284,-9.608992921747582,2.773837970214724,-8.974243222352039,2025-02-19
2025-02-10,0.006690112295453687,4.47576025257806e-05,-10.014249238828626,-10.052127098163048,-9.607426015163187,2.760642677762601,-9.018824323274684,2025-02-18
2025-02-07,-0.009509845693660424,9.043716511723171e-05,-9.310855256498773,-9.991022780334035,-9.554797647439027,2.805781744947862,-8.740945380391196,2025-02-14
2025-02-06,0.003637674355266185,1.3232674714961254e-05,-11.232821429828073,-10.323807998521458,-9.594003247290678,2.740840023925201,-8.292711989408367,2025-02-13
2025-02-05,0.0039010539156141277,1.5218221652528318e-05,-11.093017055161045,-10.239462285430724,-9.502611170561982,2.7581094300024462,-8.765767186945073,2025-02-12
2025-02-04,0.007198907403029864,5.182426779739818e-05,-9.86765202810889,-10.202233234152699,-9.508878480898904,2.8454905570260416,-8.717102868376118,2025-02-11
2025-02-03,-0.007637690729495716,5.8334319679424805e-05,-9.749319964061682,-10.041347455404203,-9.529545234018217,2.924236316920531,-8.442689185728899,2025-02-10
2025-01-31,-0.005059603990266837,2.5599592538324095e-05,-10.572934123077141,-9.497462752732124,-9.494250835337997,2.7991089506234785,-8.381584867899889,2025-02-07
2025-01-30,0.005261548152180495,2.7683888957713985e-05,-10.49465994005635,-9.54501491881926,-9.436767842087734,2.7625383960193535,-8.71437008608729,2025-02-06
2025-01-29,-0.0046898760569202835,2.1994937429274146e-05,-10.724698247938079,-9.543897673140718,-9.452579567701777,2.806990116707257,-8.630024372996564,2025-02-05
2025-01-28,0.009175644177716435,8.419244607606152e-05,-9.382405354801568,-9.501669449243053,-9.397039664011682,2.79789089580353,-8.59279532171854,2025-02-04
2025-01-27,-0.014688059032112122,0.00021573907813081047,-8.441440852082529,-9.523256884145981,-9.414432180594416,2.8848006915355513,-8.431909542970054,2025-02-03
2025-01-24,-0.002859215984466701,8.175116045829886e-06,-11.71441564607316,-9.908502524037273,-9.47112684720684,2.6979998909369054,-7.8880248402979944,2025-01-31
2025-01-23,0.005299419459529275,2.8083846608037556e-05,-10.480316000722866,-9.923497688436763,-9.475517674430836,2.7093826768129303,-7.93557700638513,2025-01-30
2025-01-22,0.006119181086994274,3.7444377175428425e-05,-10.192654001451658,-9.12181359099891,-9.060485519307438,2.714694769083774,-7.934459760706587,2025-01-29
2025-01-21,0.008730009440595765,7.621306483289118e-05,-9.481977655468432,-9.190244000146789,-9.06931111621823,2.7120422502347417,-7.892231536808923,2025-01-28
2025-01-17,0.009941478308393314,9.88329909562548e-05,-9.222079092386895,-9.346355105408097,-9.094022769061231,2.7707119789475727,-7.913818971711852,2025-01-27
2025-01-16,-0.002114924340865798,4.47290496758663e-06,-12.317472479528073,-9.063967869406477,-9.13483517974768,2.8094027183426014,-8.299064611603129,2025-01-24
2025-01-15,0.018147132504516605,0.0003293184181364831,-8.018485438969359,-9.067501968871545,-9.12435383660387,2.780060789140106,-8.314059776002619,2025-01-23
2025-01-14,0.0011456233341640143,1.3124528237810728e-06,-13.543612786912474,-9.505696327734606,-9.240629568487703,2.9290580913534825,-7.512375678564789,2025-01-22
2025-01-13,0.0015742043780537784,2.4781194238836835e-06,-12.908010582260939,-9.43018486089683,-9.237122611528134,2.954389337849604,-7.580806087712666,2025-01-21
2025-01-10,-0.015531637650232355,0.00024123176809811523,-8.329752393251235,-9.105029631000162,-9.22068110592904,2.972463693468645,-7.736917192973972,2025-01-17
2025-01-08,0.0015591440938305112,2.430930305326566e-06,-12.927236532178826,-9.658965115954578,-9.334900376378956,2.8735646826837065,-7.454529956972358,2025-01-16
2025-01-07,-0.011166021516636704,0.00012468003650999385,-8.989759810235586,-9.61004095816554,-9.334348784525613,2.8803214049171983,-7.458064056437426,2025-01-15
2025-01-06,0.005522766496818932,3.0500949778385655e-05,-10.397752734560816,-9.636975175994962,-9.380838351840655,2.7750856595161313,-7.896258415300476,2025-01-14
2025-01-03,0.012517356707824945,0.00015668421895093015,-8.761278122346827,-9.386017357764823,-9.397304702859332,2.780680840107767,-7.820746948462704,2025-01-13
2025-01-02,-0.0022263631494485736,4.956692873222572e-06,-12.214771799041296,-9.853080170335133,-9.483499694342436,2.886475304637442,-7.495591718566042,2025-01-10
2024-12-31,-0.00429400645898248,1.8438491469783258e-05,-10.901070150677727,-9.488527357489183,-9.467903339247599,2.8535925283795955,-8.049527203520444,2025-01-08
2024-12-30,-0.010759673941729275,0.000115770583332328,-9.063900055041806,-9.401842192714996,-9.470219499743607,2.8564701842969358,-8.000603045731406,2025-01-07
2024-12-27,-0.011117304964912478,0.00012359446968286764,-8.998504757607831,-9.399191337226947,-9.520514142366352,2.7694588172725547,-8.027537263560829,2025-01-06
2024-12-26,-0.00040574108825808253,1.646258307008531e-07,-15.619590630876848,-9.751248847755521,-9.594130084794713,2.689886199397575,-7.776579445330698,2025-01-03
2024-12-24,0.010982233165126587,0.00012060944529320633,-9.02295295755716,-8.345646758264124,-9.586274376128086,2.6581594635674883,-8.243642257900992,2025-01-02
2024-12-23,0.007260849585616569,5.27199367049483e-05,-9.850516868359735,-8.438827422421955,-9.649279298794017,2.8201877419595305,-7.879089445055055,2024-12-31
2024-12-20,0.010810479402397988,0.00011686646490967116,-9.054478600532896,-8.474920721294376,-9.687156328588019,2.910174418435893,-7.79240428028087,2024-12-30
2024-12-19,-0.0008654867505377695,7.490673153564272e-07,-14.104436983827496,-8.59373637637082,-9.764163350080189,3.1817968229608558,-7.789753424792821,2024-12-27
2024-12-18,-0.029936505304517524,0.0008961943498474059,-7.017353260198713,-8.563200514243077,-9.752729638173983,3.318540178366135,-8.141810935321384,2024-12-26
2024-12-17,-0.003871479480656248,1.4988353369142373e-05,-11.108237100506493,-10.596792896732119,-10.579590904674994,2.76443052732717,-6.7362088458300144,2024-12-24
2024-12-16,0.0037921550087851585,1.4380439610654365e-05,-11.149641635161302,-10.647485266483882,-10.54130661975609,2.687166961621,-6.829389509987846,2024-12-23
2024-12-13,-2.6466989371698446e-05,7.005015264015985e-10,-21.07922457113659,-10.466260853978499,-10.566261588686007,2.6253929978061894,-6.865482808860265,2024-12-20
2024-12-12,-0.005428731461464054,2.947112528068964e-05,-10.432099578004411,-10.423570117786001,-10.551570009371266,2.6333266603871603,-6.9842984639367085,2024-12-19
2024-12-11,0.008132626411368804,6.613961234689343e-05,-9.623742711527086,-10.615619003405223,-10.60243404367116,2.608598116512439,-6.953762601808965,2024-12-18
2024-12-10,-0.0029682843142797566,8.810711770399244e-06,-11.639542330087878,-10.893327760261231,-10.702518712818152,2.6518325426255456,-8.987354984297932,2024-12-17
2024-12-09,-0.0061631672852264785,3.798463098568592e-05,-10.178328927794045,-10.990542640372801,-10.613603681713883,2.6525374616006543,-9.03804735404969,2024-12-16
2024-12-06,0.0024923453675373963,6.211785431085119e-06,-11.989062194310268,-11.467996404692343,-9.879393270155909,2.54709870589125,-8.856822941544323,2024-12-13
2024-12-05,-0.0018715258393822154,3.502608967475306e-06,-12.56200244787721,-11.076508247639614,-9.760383346729489,2.605648264666775,-8.814132205351827,2024-12-12
2024-12-04,0.00603318162813693,3.6399280558088976e-05,-10.220961548404572,-10.94353331120251,-9.756901095659611,2.598979091866817,-9.006181090971035,2024-12-11
2024-12-03,0.00045134724202178234,2.0371433288066935e-07,-15.406547153495472,-10.988015572033406,-9.772504265564786,2.5877640495686753,-9.283889847827016,2024-12-10
2024-12-02,0.0024454638805817552,5.980293591229977e-06,-12.027040895683472,-10.887977546624528,-9.52454747132519,2.5907670519258503,-9.381104727938574,2024-12-09
2024-11-29,0.005592120396801903,3.127181053232787e-05,-10.372793488192158,-10.825672586191546,-9.521473239739256,2.603430168913768,-9.858558492258037,2024-12-06
2024-11-27,-0.003808481083577675,1.4504528163968982e-05,-11.14104967011896,-10.85530752146171,-9.539421777786567,2.6461748244387127,-9.467070335205374,2024-12-05
2024-11-26,0.005705697155262257,3.255498002756781e-05,-10.332580204773784,-11.018163305846274,-9.544166157005613,2.6461748244387127,-9.334095398768289,2024-12-04
2024-11-25,0.003015927820126052,9.095820616210279e-06,-11.607695522883516,-11.249048690317242,-9.564986528361322,2.6810215548423537,-9.378577659599179,2024-12-03
2024-11-22,0.003461959591536612,1.1985164213432345e-05,-11.331840988592122,-11.158165527049173,-9.567907817500737,2.723923535240007,-9.278539634190313,2024-12-02
2024-11-21,0.00532625184428781,2.8368958708779302e-05,-10.470215013772732,-9.961248511151535,-9.521381328770715,2.825536946304965,-9.216234673757336,2024-11-29
2024-11-20,2.195062133480974e-05,4.818297769842045e-10,-21.45343022403736,-9.926052764680023,-9.538995244671717,2.842581085167748,-9.245869609027498,2024-11-27
2024-11-19,0.003955750520596268,1.564796218119765e-05,-11.065169861520486,-9.925834169162991,-9.536896076372498,2.794227920674744,-9.408725393412043,2024-11-26
2024-11-18,0.003910159746206787,1.5289349240855926e-05,-11.088354100024151,-9.955964320983217,-9.536856475098652,2.7459880355456865,-9.639610777882977,2024-11-25
2024-11-15,-0.013291430866793519,0.0001766621344867515,-8.641271494263858,-10.018369176509452,-9.546517731226563,2.78130062502572,-9.548727614614922,2024-11-22
2024-11-14,-0.006068108582244491,3.6821941765909254e-05,-10.209416646833164,-11.32616813648645,-9.650240047473034,2.6609586228916786,-8.351810598717389,2024-11-21
2024-11-13,0.0002322007641417656,5.391719486801986e-08,-16.73581639565671,-11.06490710585949,-9.635163439488434,2.640484914257205,-8.316614852245879,2024-11-20
2024-11-12,-0.002896851476936746,8.391748479430607e-06,-11.688261658788615,-8.87062931083231,-9.595035702395249,2.688527537206614,-8.316396256728847,2024-11-19
2024-11-11,0.0009685941909562956,9.381747067542808e-07,-13.879329650747929,-8.688574402579446,-9.576501569497667,2.7060482162691324,-8.346526408549071,2024-11-18
2024-11-08,0.003749794035718068,1.4060955310306797e-05,-11.1721087286334,-8.680309622447426,-9.574303914316546,2.704042151617877,-8.408931264075305,2024-11-15
2024-11-07,0.007403754173996191,5.481557586896602e-05,-9.811536173210824,-8.677230887966559,-9.550912912741783,2.721295415303884,-9.716730224052172,2024-11-14
2024-11-06,0.02498128095718677,0.0006240643982619023,-7.37925699257705,-8.377113680808678,-9.526818152336004,2.78932294936639,-9.455469193425252,2024-11-13
2024-11-05,0.012191031029562538,0.00014862123756375663,-8.814109518235865,-9.138525027566713,-9.929382911891697,3.0199369510803917,-7.2611913983981955,2024-11-12
2024-11-04,-0.0028160448131906435,7.930108389897926e-06,-11.744843854075755,-9.455707981860614,-9.995793265989505,3.0901329281491026,-7.079136490145334,2024-11-11
2024-11-01,0.004084158004525662,1.668034660593104e-05,-11.001279381517492,-9.458058725331167,-10.000889129614047,3.0855729391975917,-7.0708717100133125,2024-11-08
2024-10-31,-0.018790134928744706,0.0003530691706404318,-7.948846569404079,-9.501497197446806,-10.017726159082518,3.142426646116371,-7.067792975532446,2024-11-07
2024-10-30,-0.003305691672489175,1.0927597433564279e-05,-11.424219093884997,-12.197131327442971,-10.332960823816716,3.013080930634045,-6.767675768374569,2024-11-06
2024-10-29,0.0016128259449015303,2.601207528547514e-06,-12.859534786696218,-10.824183488592476,-10.323306949443786,2.9621754979149046,-7.529087115132593,2024-11-05
2024-10-28,0.0026479346267329618,7.01155778745143e-06,-11.867950658003581,-10.84833379727646,-10.324730994878369,2.9856818991681933,-7.846270069426486,2024-11-04
2024-10-25,-0.0002994920131857981,8.969546596208226e-08,-16.226845615847235,-10.886967447649488,-10.312020444046599,3.012097623887479,-7.848620812897038,2024-11-01
2024-10-24,0.002143473130557183,4.594477061420611e-06,-12.290655614635062,-10.732473241608567,-10.30740646968512,2.948640662021506,-7.892059285012677,2024-10-31
2024-10-23,-0.009233824267679935,8.52635106063949e-05,-9.369763972171173,-10.775208691200328,-10.305100326736062,2.956991433341415,-10.587693415008445,2024-10-30
2024-10-22,-0.00047496666719659686,2.255933349478428e-07,-15.30453186142984,-11.709264960292176,-10.416178221485797,2.901421636002499,-9.214745576158268,2024-10-29
2024-10-21,-0.0018244327564183038,3.32855488269209e-06,-12.612972317325324,-10.827722169568348,-10.410804886985284,2.9107189449120305,-9.23889588484225,2024-10-28
2024-10-18,0.003963686942773492,1.5710814180313074e-05,-11.06116128143092,-10.382597175308485,-10.05813746584124,2.8920370752987252,-9.277529535215272,2024-10-25
2024-10-17,-0.00017117512853737082,2.9300924629785425e-08,-17.345646764090752,-10.257154073169245,-10.065910699193521,2.9502117901910383,-9.123035329174368,2024-10-24
2024-10-16,0.004668232782780279,2.179239731422451e-05,-10.733949396049548,-10.233146382446257,-10.065867209855533,2.97450863320584,-9.165770778766126,2024-10-23
2024-10-15,-0.007638566037513783,5.834769110945902e-05,-9.74909076968969,-10.086243359087659,-10.087721882032199,3.0272309110420648,-10.099827047857815,2024-10-22
2024-10-14,0.007678114574593664,5.8953443420587645e-05,-9.738762520123862,-9.932393378747276,-10.120227492197756,2.9806186744718333,-9.21828425713414,2024-10-21
2024-10-11,0.006033608707298299,3.640443403278585e-05,-10.22081997665279,-9.801999944232364,-10.123838229841956,3.0184717157762972,-8.773159262874316,2024-10-18
2024-10-10,-0.0020722685059819668,4.2942967608847325e-06,-12.358222750303087,-9.656474100228778,-10.041081019725471,3.041183551038691,-8.647716160735083,2024-10-17
2024-10-09,0.0070882310169952945,5.024301895029415e-05,-9.898638947038556,-9.661053821805094,-10.024916294009028,3.0378334788320487,-8.623708470012097,2024-10-16
2024-10-08,0.009642706804694257,9.298179452129692e-05,-9.283106841809602,-9.832608563993443,-9.943800174993013,3.0643250685814114,-8.476805446653508,2024-10-15
2024-10-07,-0.009632263829388421,9.27805064789445e-05,-9.285273999731837,-9.852271289285008,-9.762384827170216,3.1197182263759906,-8.32295546631313,2024-10-14
2024-10-04,0.008930255699185707,7.97494668528388e-05,-9.436620501552527,-10.187285177207727,-9.830699585744009,2.9554309291215706,-8.192562031798225,2024-10-11
2024-10-03,-0.0016828286544594562,2.8319122802698236e-06,-12.774558357093515,-10.723988157977308,-9.898160386891282,3.0199369510803917,-8.047036187794642,2024-10-10
2024-10-02,0.00013838132698751338,1.91493916588251e-08,-17.770994888987524,-10.608981322643597,-9.554072858049814,2.939161901882013,-8.051615909370959,2024-10-09
2024-10-01,-0.009367848694454395,8.775658916219091e-05,-9.340943608270006,-10.58140945496265,-9.491442492169705,2.9580304182537716,-8.223170651559302,2024-10-08
2024-09-30,0.004227603658440771,1.7872632692861787e-05,-10.932239914917702,-11.608305892302434,-9.545725584872825,2.817203487636887,-8.242833376850868,2024-10-07
2024-09-27,-0.0012540029000724928,1.5725232733902224e-06,-13.362829048233184,-11.856864116781274,-9.534314377835452,2.8308575763821904,-8.57784726477357,2024-10-04
2024-09-26,0.004030542158199424,1.624527008902287e-05,-11.027708763002789,-11.796588660077976,-9.53370616733082,2.7324175501047714,-9.114550245543109,2024-10-03
2024-09-25,-0.0018629832062124763,3.470706426629718e-06,-12.571152403564037,-9.705288338696736,-9.537650613834618,2.7350166394301496,-8.99954341020941,2024-10-02
2024-09-24,0.0025080311033462976,6.290220015352447e-06,-11.976514509270269,-9.689200940162575,-9.46067368258351,2.733717970158959,-8.971971542528465,2024-10-01
2024-09-23,0.0028053344257124024,7.869901240087135e-06,-11.752465044522578,-9.709487206456844,-9.418251544874202,2.765690002154839,-9.998867979868098,2024-09-30
2024-09-20,-0.0019429136300157523,3.7749133737009877e-06,-12.487133122890558,-9.730437473952435,-9.412655054255373,2.781920026048249,-10.247426204346871,2024-09-27
2024-09-19,0.016834356892726277,0.00028339557199168067,-8.168666855418042,-9.648713620007225,-9.412559692654959,2.7930039023103626,-10.18715074764359,2024-09-26
2024-09-18,-0.0029006587083131308,8.4138209421128e-06,-11.685634853969285,-10.87203776272203,-9.524160466913509,2.903068563580112,-8.0958504262626,2024-09-25
2024-09-17,0.0002645150938960228,6.996823489882176e-08,-16.475224485049292,-10.131463315761444,-9.526940473233772,2.8684669571674872,-8.07976302772844,2024-09-24
2024-09-16,0.0012558408673104537,1.5771362840070727e-06,-13.359899833928463,-10.03641747238882,-9.378736276168658,2.841414877559857,-8.100049294022707,2024-09-23
2024-09-13,0.005393142234355608,2.9085983159990198e-05,-10.445254178181962,-9.567398387374407,-9.371774147311895,2.806990116707257,-8.120999561518298,2024-09-20
2024-09-12,0.007467352156803386,5.5761348233716186e-05,-9.794429612576984,-8.988924782894555,-9.246402875137775,2.8373225189284472,-8.039275707573092,2024-09-19
2024-09-11,0.010608555649842089,0.0001125414529757965,-9.09218893329256,-9.066594023286532,-9.27303017460227,2.8729995383614964,-9.262599850287817,2024-09-18
2024-09-10,0.004462699977795026,1.9915691091811726e-05,-10.824002639858367,-9.277920487994118,-9.317977164398368,2.948640662021506,-8.522025403327289,2024-09-17
2024-09-09,0.011513534435817263,0.00013256147520474993,-8.928464056326492,-8.617645720594501,-9.092734027602965,2.9678471092901333,-8.42697955995467,2024-09-16
2024-09-06,-0.01741094450742331,0.0003031409886405739,-8.101312551632791,-8.653336547314003,-9.122374426744212,3.1081676653845203,-7.957960474940276,2024-09-13
2024-09-05,-0.0030225810146742305,9.1359959902691e-06,-11.603288343944204,-9.080052600420816,-9.207952965364495,2.9907197125611136,-7.379486870460438,2024-09-12
2024-09-04,-0.0016038290273812095,2.5722675490705564e-06,-12.870722733254611,-9.034088989474887,-8.860347158075541,3.0596455849835826,-7.457156110852413,2024-09-11
2024-09-03,-0.021377963372398057,0.0004570173179515929,-7.690789272926808,-9.03414209607319,-8.756499183341395,3.0310993842520197,-7.668482575559994,2024-09-10
2024-08-30,0.01004245707914464,0.00010085094418646229,-9.20186693132268,-10.419008254980122,-8.836691049648355,2.70805020110221,-7.008207808160389,2024-09-09
2024-08-29,-3.937984343771461e-05,1.5507720691789146e-09,-20.28451292088275,-10.2385925845866,-8.79242045468964,2.7504708926110997,-7.043898634879891,2024-09-06
2024-08-28,-0.005993900794734941,3.5926846737124156e-05,-10.234025721972472,-9.866855258808602,-8.785048205418768,2.8396631235763143,-7.4706146879866955,2024-09-05
2024-08-27,0.0015939251127239373,2.540597264972016e-06,-12.883111360886003,-9.93890757443266,-8.79558031565407,2.73631368615315,-7.424651077040768,2024-09-04
2024-08-26,-0.003158710169605783,9.977449935570993e-06,-11.51518301776891,-9.93309897639215,-8.76044557614403,2.781920026048249,-7.42470418363907,2024-09-03
2024-08-23,0.011417937401663636,0.00013036929450830934,-8.945139407761548,-9.637008118503719,-8.755643758642975,2.7638001945596176,-8.80957034254595,2024-08-30
2024-08-22,-0.00897294225665668,8.051369274129507e-05,-9.427083291839313,-10.127019931881033,-8.64174814194196,2.8650539064395404,-8.62915467215244,2024-08-29
2024-08-21,0.004230714721005668,1.789894705053407e-05,-10.930768670840274,-9.496550848475103,-8.662052751334222,2.78932294936639,-8.25741734637446,2024-08-28
2024-08-20,-0.001986527237608726,3.946290465761357e-06,-12.442734542895208,-9.505467434502549,-8.636807045204913,2.7650604630255966,-8.329469661998514,2024-08-27
2024-08-19,0.009675327436177383,9.361196099724682e-05,-9.27635239421285,-8.951978176253977,-8.624737740994393,2.6844403094241867,-8.323661063958005,2024-08-26
2024-08-16,0.0019878023683954638,3.951358255798615e-06,-12.441451175930812,-9.108156155130086,-8.632878064899291,2.69462719365756,-8.027570206069585,2024-08-23
2024-08-15,0.016004489931304988,0.00025614369796124275,-8.26977195080484,-9.076569508335945,-8.584866919610228,2.7232671368503616,-8.51758201944688,2024-08-22
2024-08-14,0.003816436561198344,1.4565188025651442e-05,-11.136876258219694,-8.698233108069404,-8.638716805109006,2.7843938006764253,-7.887112936040974,2024-08-21
2024-08-13,0.016707233419049672,0.0002791316485186102,-8.183827028943476,-8.644881495566285,-8.640412137916819,2.8970163469301413,-7.89602952206842,2024-08-20
2024-08-12,4.3033051721153015e-05,1.8518435404354305e-09,-20.107084185697534,-8.863771393285667,-8.706526399914413,3.030616631200474,-7.34254026381986,2024-08-19
2024-08-09,0.004660798434381164,2.1723042045929908e-05,-10.7371370153424,-8.026831625631928,-8.685473501407433,3.014063271438193,-7.4987182426959675,2024-08-16
2024-08-08,0.022781139590899002,0.0005189803210600259,-7.563644592549959,-7.846601576864726,-8.663811907926489,3.1692653627985705,-7.467131595901827,2024-08-15
2024-08-07,-0.007764715388770327,6.029080506860673e-05,-9.716330952282803,-8.030746828772553,-8.810493885628178,3.32683298007059,-7.08879519563529,2024-08-14
2024-08-06,0.010300849493599884,0.00010610750028979698,-9.151057824081294,-7.922881557880364,-8.828717126248204,3.3217933258352854,-7.035443583132172,2024-08-13
2024-08-05,-0.03042704139239305,0.0009258048478944,-6.984847092942706,-7.968839588191973,-8.85276989423467,3.6524747643078785,-7.254333480851551,2024-08-12
2024-08-02,-0.018552906608553243,0.0003442103436256986,-7.974257623430639,-8.733785956825379,-9.189829958563266,3.152308554501536,-6.4173937131978205,2024-08-09
2024-08-01,-0.013788123791989904,0.00019011235770323803,-8.56789530425321,-9.057283543333018,-9.336355145885841,2.9226238099414155,-6.2371636644306205,2024-08-08
2024-07-31,0.01566998070191694,0.00024554829519844934,-8.312016908290948,-9.386680406886766,-9.435445398873659,2.794839368482153,-6.421308916338448,2024-08-07
2024-07-30,-0.004972514361366365,2.4725899073994746e-05,-10.60765931816435,-8.842684124278094,-9.575003326564664,2.8729995383614964,-6.313443645446258,2024-08-06
2024-07-29,0.0008129795718279098,6.609357842094916e-07,-14.229609151270179,-8.874042006365396,-9.590773201116338,2.8094027183426014,-6.3594016757578675,2024-08-05
2024-07-26,0.01102942040957089,0.00012164811457105888,-9.014377987654202,-8.722446746069933,-9.589571855698637,2.796671355516472,-7.124348044391266,2024-08-02
2024-07-25,-0.005155889019716753,2.658319158363578e-05,-10.53523143725867,-8.812715927702195,-9.662742623262481,2.9156061794795076,-7.4478456308988985,2024-08-01
2024-07-24,-0.023421242222893213,0.0005485545872634358,-7.508223762210108,-8.766762249971352,-9.675079982571168,2.892591565384329,-7.777242494452641,2024-07-31
2024-07-23,-0.0015593176939461273,2.4314716706534684e-06,-12.92701385814578,-9.36747407352062,-10.177749065522711,2.689207131441274,-7.233246211843979,2024-07-30
2024-07-22,0.010734217246220368,0.00011522341988905478,-9.068637532716604,-9.28199058219759,-10.173018265558104,2.7020321185427174,-7.264604093931281,2024-07-29
2024-07-19,-0.007165879226405991,5.1349825087436923e-05,-9.876849027877165,-9.54394155408162,-10.311825940965765,2.804571795802497,-7.113008833635819,2024-07-26
2024-07-18,-0.007847112145350721,6.15771690217108e-05,-9.695219388890534,-9.604597357069123,-10.302371823011722,2.7682041430792563,-7.203278015268079,2024-07-25
2024-07-17,-0.014025441523644488,0.00019671300993317104,-8.533764693764253,-9.558530661348048,-10.389246334324541,2.6727683553440564,-7.157324337537238,2024-07-24
2024-07-16,0.0063690499714521565,4.0564797538854714e-05,-10.11260992316003,-9.866500158642474,-10.721322740743387,2.5794589349159778,-7.758036161086495,2024-07-23
2024-07-15,0.002822216423354007,7.964905540249084e-06,-11.740465474026122,-10.034033835767028,-10.65916365522453,2.574137774793312,-7.6725526697634665,2024-07-22
2024-07-12,0.00550186402496422,3.0270507749195492e-05,-10.40533666106421,-10.06613971649621,-10.660400430753405,2.5225235164208617,-7.93450364164749,2024-07-19
2024-07-11,-0.008801649969266023,7.746904218148058e-05,-9.465632157131495,-10.069640091277588,-10.707268127662434,2.55877650425956,-7.995159444634991,2024-07-18
2024-07-10,0.010156314878106087,0.00010315073190323906,-9.179319222948783,-10.349893656985559,-10.875452319417898,2.5533438410275884,-7.949092748913917,2024-07-17
2024-07-09,0.0007407974780644366,5.487809035066295e-07,-14.415566557957526,-10.871326909641592,-11.160151571329376,2.52652834277473,-8.257062246208333,2024-07-16
2024-07-08,0.0010161824764054472,1.0326268253535074e-06,-13.78340468638245,-10.80423469860005,-10.79456488796487,2.5152741771529077,-8.424595923332879,2024-07-15
2024-07-05,0.0054339743609688185,2.9528077355666478e-05,-10.430168972500558,-10.660397457803859,-10.791859498590487,2.5241273262614996,-8.456701804062059,2024-07-12
2024-07-03,0.005071562269533203,2.572074385375277e-05,-10.568212737794063,-10.941123013547537,-10.856410376007723,2.4923786772477015,-8.460202178843437,2024-07-11
2024-07-02,0.006176205771184939,3.814551772801815e-05,-10.174102297882962,-11.245638402396482,-10.770152994706917,2.487403507789679,-8.740455744551392,2024-07-10
2024-07-01,0.0026719909814296727,7.139535804841506e-06,-11.84986279705376,-11.673382117931652,-10.774987424021655,2.5030739755952336,-9.261888997207379,2024-07-09
2024-06-28,-0.004092013462368982,1.6744574176208983e-05,-10.99743628194835,-11.62112646838161,-10.676677253577218,2.5209170535797867,-9.194796786165844,2024-07-08
2024-06-27,0.0009069098567984213,8.22485488358133e-07,-14.010934997796106,-12.004868693933034,-10.710089096521473,2.5047092583846835,-9.050959545369667,2024-07-05
2024-06-26,0.0015711962247202393,2.468657576575133e-06,-12.911836046334429,-11.837386224579888,-10.617095614058423,2.5297206807757897,-9.331685101113317,2024-07-03
2024-06-25,0.003925873679182956,1.541248414490152e-05,-11.080332718191192,-11.73561170493237,-10.524275047823378,2.552565310145607,-9.636200489962219,2024-07-02
2024-06-24,-0.003069879155868094,9.4241580316334e-06,-11.572234162134373,-11.00729474154537,-10.53801673074602,2.5900171284671405,-10.0639442054973,2024-07-01
2024-06-21,-0.0015633517188238244,2.444068596749406e-06,-12.921846449639068,-11.125860922720573,-10.543484995082064,2.5802168151427143,-10.01168855594727,2024-06-28
2024-06-20,-0.002529127395412445,6.396485382225738e-06,-11.959761877468923,-11.085398096160786,-10.546256077416757,2.5862591239406965,-10.395430781498584,2024-06-27
2024-06-18,0.0025181541815175734,6.34110048189444e-06,-11.968458226992112,-10.469270310377308,-10.555010065210427,2.509599277885271,-10.227948312145491,2024-06-26
2024-06-17,0.007635164372320702,5.829573499235538e-05,-9.749981623504194,-10.46235517981145,-10.558502034059297,2.5455312716044354,-10.126173792498003,2024-06-25
2024-06-14,-0.00039393828099854034,1.5518736923608493e-07,-15.678632616297245,-10.910666379922604,-10.431499177583708,2.538447404663274,-9.397856829111142,2024-06-24
2024-06-13,0.002341911437117261,5.484549179300635e-06,-12.113575659173673,-10.898800876687593,-10.396457371873476,2.479894072820678,-9.516423010286328,2024-06-21
2024-06-12,0.008467720241887022,7.170228609486321e-05,-9.542987926698743,-10.959531387920007,-10.404566337058439,2.4882344367123217,-9.475960183726546,2024-06-20
2024-06-11,0.0027067148552095688,7.326305307412157e-06,-11.824039219972576,-10.388147427479277,-10.513835353619092,2.5533438410275884,-8.859832397943132,2024-06-18
2024-06-10,0.002577529978241344,6.643660788732824e-06,-11.921847422794613,-10.421637251069825,-10.483406334504053,2.54474663217841,-8.852917267377274,2024-06-17
2024-06-07,-0.0011158420502788147,1.2451034811704287e-06,-13.596291914095696,-10.458571673995914,-10.4942511171518,2.5030739755952336,-9.301228467488388,2024-06-14
2024-06-06,-0.0001998366016362496,3.993466735352512e-08,-17.036021034309382,-10.096130538777267,-10.493336906082225,2.532108245207593,-9.289362964253378,2024-06-13
2024-06-05,0.011778015849955636,0.0001387216573618062,-8.883041097470208,-9.935722769667215,-10.33378102012836,2.5360749454234384,-9.350093475485785,2024-06-12
2024-06-04,0.0015016810037842276,2.2550458371264054e-06,-13.002340258330896,-10.36220174250002,-10.310304321133843,2.5771819143023467,-8.778709515045106,2024-06-11
2024-06-03,0.0011154602235343702,1.2442515102873472e-06,-13.596976405395065,-10.376177598267784,-10.206238030470615,2.573375271587755,-8.812199338635653,2024-06-10
2024-05-31,0.007995824231928239,6.393320514789082e-05,-9.657671689171123,-10.110461580234164,-10.193280432928976,2.55877650425956,-8.849133761561738,2024-06-07
2024-05-30,-0.0059929575357529075,3.591554002533756e-05,-10.234340486344578,-10.156019468223302,-9.988129128624676,2.6720775590973527,-8.486692626343114,2024-06-06
2024-05-29,-0.007394317215743129,5.467592708703522e-05,-9.814087035220824,-10.315160188299389,-10.014032499327257,2.6588599382119416,-8.326284857233071,2024-06-05
2024-05-28,0.00024877090688590897,6.188696411283759e-08,-16.59795627534968,-10.661040087487036,-9.965965494194489,2.55877650425956,-8.75276383006585,2024-06-04
2024-05-24,0.006976649076673169,4.8673632339044583e-05,-9.930373104911864,-10.654431477277374,-9.945868296821082,2.4790562616903595,-8.766739685833615,2024-06-03
2024-05-23,-0.007408162283471853,5.48808684182549e-05,-9.810345750724048,-11.167044662460448,-9.993087095362458,2.54709870589125,-8.50102366780001,2024-05-31
2024-05-22,-0.002709791209351664,7.342968398279554e-06,-11.82176738315658,-12.423074207991792,-9.91050939256993,2.50878592047404,-8.546581555789148,2024-05-30
2024-05-21,0.002498749766893127,6.243750397548456e-06,-11.983929530878125,-10.424685843188493,-9.849917129030413,2.4731713646216233,-8.705722275865224,2024-05-29
2024-05-20,0.0009159703084904436,8.390016060360783e-07,-13.991053216254484,-10.315976666719394,-9.790418513985184,2.4973291383898717,-9.051602175052844,2024-05-28
2024-05-17,0.0011640956878942177,1.355118770573912e-06,-13.511621453913875,-10.320705409256533,-9.7871375310382,2.4840729499500287,-9.044993564843182,2024-05-24
2024-05-16,-0.002083837474089023,4.34237861841772e-06,-12.347088291226946,-10.312477315769474,-9.761370792830038,2.5193080826481626,-9.557606750026197,2024-05-23
2024-05-15,0.011647827787300002,0.00013567189216259808,-8.905271144762528,-10.191040059717134,-9.761453166196352,2.5217206075906473,-10.813636295557162,2024-05-22
2024-05-14,0.004826148527454777,2.3291709609053908e-05,-10.66741307147851,-11.476546536746797,-9.753129309534998,2.5967461372286285,-8.815247930754321,2024-05-21
2024-05-13,-0.00024133317386620945,5.824170080833808e-08,-16.658664230044522,-12.011720105779494,-9.613515766791462,2.6100698207912507,-8.706538754285228,2024-05-20
2024-05-10,0.0016480400801661688,2.716036105834112e-06,-12.816337054602831,-10.513448918126235,-9.576812698898493,2.5297206807757897,-8.711267496822368,2024-05-17
2024-05-09,0.005078032639108443,2.5786415483850656e-05,-10.565662736336856,-9.759070962345188,-9.520976413914395,2.540814248659574,-8.703039403335309,2024-05-16
2024-05-08,-5.835635194628708e-06,3.405463812478923e-11,-24.103054877490838,-9.57958271762568,-9.535782627194187,2.5649493574615367,-8.581602147282977,2024-05-15
2024-05-07,0.0013425282288253015,1.8023820451928013e-06,-13.226401409488734,-9.545891955667042,-9.535694286520991,2.582486943526435,-9.867108624312491,2024-05-14
2024-05-06,0.010273173691247806,0.00010553809769054606,-9.156438554684481,-9.016307770601669,-9.46286950521005,2.601948653252886,-10.402282193345041,2024-05-13
2024-05-03,0.012478557659509448,0.00015571440126170192,-8.767486989749047,-9.187404709656272,-9.434888554044253,2.601948653252886,-8.904011005692055,2024-05-10
2024-05-02,0.009087024725083381,8.25740183542767e-05,-9.401815474686915,-9.295771149019362,-9.526918092461669,2.6864860439749103,-8.149633049911051,2024-05-09
2024-05-01,-0.0034413534856305716,1.1842913813061685e-05,-11.34378085970967,-9.439692417549024,-9.545675621401468,2.733717970158959,-7.970144805191548,2024-05-08
2024-04-30,-0.015855551118928446,0.0002513985012849531,-8.28847122330182,-9.469819265463173,-9.550633308304013,2.7504708926110997,-7.936454043232911,2024-05-07
2024-04-29,0.0031734080766394612,1.0070518820880565e-05,-11.505898331122996,-9.805326278517034,-9.724746095071199,2.685804597355568,-7.406869858167551,2024-05-06
2024-04-26,0.010157381332325244,0.00010317239553026934,-9.17910922586916,-9.592218829511605,-9.677394113287239,2.7100481859984953,-7.577966797222151,2024-05-03
2024-04-25,-0.004586934270118803,2.1039965998390318e-05,-10.769086786142159,-9.670770454820284,-9.749011824967623,2.7324175501047714,-7.686333236585239,2024-05-02
2024-04-24,0.00021298737793173927,4.536362315823754e-08,-16.908555305094282,-9.723325346500964,-9.758150681753966,2.7707119789475727,-7.830254505114897,2024-05-01
2024-04-23,0.011893566567723113,0.00014145692570086095,-8.863515299231771,-9.617054996893573,-9.756639702213686,2.753023540000728,-7.8603813530290445,2024-04-30
2024-04-22,0.008693351156837892,7.557435433609472e-05,-9.490393560688277,-10.148375319693775,-9.865158898562036,2.8296777207503316,-8.195888366082894,2024-04-29
2024-04-19,-0.00879712965405588,7.738949015026932e-05,-9.4666595727606,-9.839974627801578,-9.862529143174315,2.9290580913534825,-7.982780917077474,2024-04-26
2024-04-18,-0.0022106017004848155,4.886759878186358e-06,-12.228981075692833,-9.423908156336642,-9.903184232742984,2.8903717578961645,-8.06133254238615,2024-04-25
2024-04-17,-0.005797375076005196,3.360955777188625e-05,-10.300700073948864,-9.306901655579313,-9.872064586718661,2.9019708434634395,-8.113887434066827,2024-04-24
2024-04-16,-0.002058624527503383,4.237934945238528e-06,-12.371434448580834,-9.189253809354094,-9.864435714838221,2.9123506438828892,-8.00761708445944,2024-04-23
2024-04-15,-0.012094195787460293,0.0001462695717454223,-8.830059256905605,-9.193475925737498,-9.860919490022882,2.956471535796025,-8.53893740725962,2024-04-22
2024-04-12,-0.014657587802247463,0.0002148448801805936,-8.445594277766121,-9.532270108037196,-9.993534440276088,2.8512843383355686,-8.230536715367437,2024-04-19
2024-04-11,0.007417221983342159,5.5015181950174194e-05,-9.807901375364867,-9.828869154165474,-10.088152549762773,2.7020321185427174,-7.814470243902515,2024-04-18
2024-04-10,-0.00950198183221218,9.028765873969036e-05,-9.312509776430856,-9.515814861702646,-10.148729531767442,2.7600099521047476,-7.697463743145191,2024-04-17
2024-04-09,0.0014444494736345348,2.0864342818830846e-06,-13.080054034231791,-9.79270338217877,-10.205353977238895,2.7067159475307503,-7.579815896919973,2024-04-16
2024-04-08,-0.00037470119004190394,1.4040098181881902e-07,-15.77876335236762,-9.625892565243898,-10.086116073319289,2.7206372889831454,-7.584038013303376,2024-04-15
2024-04-05,0.011038050135699251,0.00012183855079821026,-9.012813743750385,-9.614076454037857,-10.057973994196121,2.774462009456489,-7.922832195603067,2024-04-12
2024-04-04,-0.012411035619262378,0.0001540338051425995,-8.778338465727314,-10.062170213882062,-10.076034758479327,2.794227920674744,-8.219431241731336,2024-04-11
2024-04-03,0.0010905275233383804,1.1892502791585418e-06,-13.642187466899095,-10.533600949334073,-10.256193513630581,2.662355236516009,-7.906376949268517,2024-04-10
2024-04-02,-0.007265388203672174,5.278586575005878e-05,-9.849267097216202,-10.484703743866628,-10.178536425955578,2.681706202263446,-8.183265469744631,2024-04-09
2024-04-01,-0.002015614526957421,4.062701921281788e-06,-12.413662307843474,-10.856649834393089,-10.20963757602896,2.6137394936844682,-8.016454652809765,2024-04-08
2024-03-28,0.0011158627007610278,1.245149566949695e-06,-13.596254901166985,-10.878613823553907,-10.211254701649214,2.565718310117176,-8.004638541603724,2024-04-05
2024-03-27,0.008593595582706115,7.384988503910605e-05,-9.513476105669126,-10.785547008164242,-10.209201987649289,2.5478814280551156,-8.452732301447911,2024-04-04
2024-03-26,-0.0028037219828060955,7.860856956870143e-06,-11.753614929874614,-10.740813940620829,-10.285412748747765,2.583242533221714,-8.924163036899891,2024-04-03
2024-03-25,-0.0030596403820322138,9.361399267362232e-06,-11.578915784271638,-10.541470591094724,-10.295775021658471,2.5794589349159778,-8.875265831432452,2024-04-02
2024-03-22,-0.0014031718343261446,1.9688911966461974e-06,-13.138040018012745,-10.334916942874033,-9.841255459396375,2.5695541559782002,-9.247211921958877,2024-04-01
2024-03-21,0.003231309094529067,1.0441358464386257e-05,-11.469735862865004,-10.113081298252906,-9.841573892313553,2.55877650425956,-9.269175911119694,2024-03-28
2024-03-20,0.008864765516360507,7.858406766005436e-05,-9.45134158060187,-10.123865224032627,-9.819733271639368,2.5680215535731254,-9.176109095730038,2024-03-27
2024-03-19,0.005633253044342368,3.173353986159255e-05,-10.35813639661278,-10.591202877634217,-9.867157008433194,2.6261167962573397,-9.13137602818663,2024-03-26
2024-03-18,0.006298184238481497,3.966712470185675e-05,-10.13498780648189,-10.0402881453531,-9.865442685800167,2.662355236516009,-8.932032678660542,2024-03-25
2024-03-15,-0.006504022859738612,4.230231336000243e-05,-10.07066878404569,-10.234050745862985,-9.821581801437867,2.667922399422403,-8.725479030439866,2024-03-22
2024-03-14,-0.0028752210514948473,8.266896094959135e-06,-11.70325144042409,-10.23072066952816,-9.705261960174191,2.6672281800910014,-8.503643385818753,2024-03-21
2024-03-13,-0.0019263840021217504,3.710955323630612e-06,-12.504221214861378,-9.800738675299456,-9.710768999789964,2.6210388241125804,-8.514427311598473,2024-03-20
2024-03-12,0.011139512586668232,0.00012408874066853996,-8.994513597762243,-9.722373360409842,-9.689204376074192,2.62756296121466,-8.981764965200032,2024-03-19
2024-03-11,-0.001122868268028654,1.260833147345669e-06,-13.583737827463718,-9.788311937207597,-9.784406420386444,2.722610369978139,-8.430850232918951,2024-03-18
2024-03-08,-0.006549922992050483,4.290149120179155e-05,-10.056603972685895,-9.787724830474504,-9.732431748592015,2.6905648712332506,-8.624612833428825,2024-03-15
2024-03-07,0.010251402284984223,0.00010509124880857975,-9.160681548927954,-9.71652202506174,-9.761643306940874,2.6700021044053517,-8.621282757094,2024-03-14
2024-03-06,0.0051279328530018375,2.6295695344895566e-05,-10.546105307275814,-10.015508804153558,-9.839462685293839,2.6741486494265287,-8.191300762865318,2024-03-13
2024-03-05,-0.010245406275918967,0.00010496834975863975,-9.161851684116264,-10.12680780288677,-9.768174530648286,2.671386219368722,-8.112935447975705,2024-03-12
2024-03-04,-0.0011939745749618424,1.4255752856553123e-06,-13.460935116480508,-10.840971458056298,-9.729854826089388,2.601948653252886,-8.178874024773458,2024-03-11
2024-03-01,0.007975936433387787,6.361556198944269e-05,-9.662652432180185,-10.71657766109544,-9.547218923476386,2.573375271587755,-8.178286918040365,2024-03-08
2024-02-29,0.00521547045579851,2.7201132075307118e-05,-10.512251965112725,-11.566814853571158,-9.588321440219557,2.5952546784889754,-8.107084112627605,2024-03-07
2024-02-28,-0.0016595313211116292,2.7540442057505093e-06,-12.802440106315862,-9.300032135129703,-9.56895824334679,2.62756296121466,-8.406070891719411,2024-03-06
2024-02-27,0.0017048955387206632,2.9066687979496203e-06,-12.748502875472216,-9.302568370938845,-9.570474634369111,2.5974910332585845,-8.517369890452615,2024-03-05
2024-02-26,-0.0037939392446677545,1.4393974992230131e-05,-11.148700842254762,-9.231924431487911,-9.554559596663882,2.6203112701361366,-9.231533545622089,2024-03-04
2024-02-23,0.0003478870265016809,1.2102538320818124e-07,-15.92726553477011,-9.214118953133628,-9.563407232429354,2.6210388241125804,-9.107139748661243,2024-03-01
2024-02-22,0.020902888666403996,0.00043693075460008064,-7.73573583171693,-9.14889915922876,-9.557994424682727,2.6769034694817853,-9.95737694113683,2024-02-29
2024-02-21,0.001263401495103622,1.5961833378300676e-06,-13.347895192206982,-10.201065889168273,-9.883837534817564,2.7304638058861697,-7.690594222695579,2024-02-28
2024-02-20,-0.006023426465818105,3.628166638911798e-05,-10.224198002429317,-9.501677050971853,-9.759773910495635,2.73566537308291,-7.69313045850472,2024-02-27
2024-02-16,-0.0048150435759612975,2.318464463840616e-05,-10.672020367458233,-9.601158101769915,-9.728326025200943,2.656054889910667,-7.622486519053789,2024-02-26
2024-02-15,0.005804372674040437,3.369074213914733e-05,-10.298287472318643,-9.573167895876551,-9.721828690266047,2.6397713766859487,-7.604681040699506,2024-02-23
2024-02-14,0.009534168304217161,9.090036525313914e-05,-9.305746538602564,-9.674003042401097,-9.73688755540834,2.66583836025124,-7.539461246794639,2024-02-22
2024-02-13,-0.013768609419845035,0.00018957460535624544,-8.570727915108334,-9.751784893967535,-9.808943785302557,2.76316952439078,-8.591627976734115,2024-02-21
2024-02-12,-0.0009494041426520994,9.013682260849679e-07,-13.919351976828596,-10.754884017489532,-9.97904509778965,2.6340448096995233,-7.892239138537724,2024-02-20
2024-02-09,0.005725917128794222,3.278612696581907e-05,-10.325505090405468,-10.671457912851078,-9.94908425950481,2.5595502163859143,-7.9917201893357825,2024-02-16
2024-02-08,0.0005704205400913764,3.253795925581376e-07,-14.938273359069326,-10.146059485270762,-9.978631232382789,2.548663612608189,-7.963729983442421,2024-02-15
2024-02-07,0.008207682594008503,6.736605356399015e-05,-9.605369323244082,-9.567042150779866,-9.802825961299458,2.551786172681018,-8.064565129966963,2024-02-14
2024-02-06,0.0023077459317484283,5.325691285501422e-06,-12.142968035921019,-9.121853584455492,-9.85690452714803,2.5695541559782002,-8.142346981533398,2024-02-13
2024-02-05,-0.0031914247092839076,1.0185191675027875e-05,-11.49457568911768,-9.13098365703679,-9.851307386393813,2.615203656316981,-9.145446105055331,2024-02-12
2024-02-02,0.01062777072263188,0.00011294951053283135,-9.088569648544986,-9.048585006586432,-9.80527484387286,2.6282852601762876,-9.062020000416886,2024-02-09
2024-02-01,0.012416286114049768,0.00015416416086594509,-8.777492543654517,-9.261082448341664,-9.87411223660278,2.630448963323681,-8.536621572836607,2024-02-08
2024-01-31,-0.016236851740732305,0.0002636353544505217,-8.240943642741703,-9.570953569245573,-10.012248217434543,2.663749968788886,-7.957604238345735,2024-02-07
2024-01-30,-0.0006008303969800011,3.6099716593514566e-07,-14.83439572923951,-10.974706561305126,-10.322948521153725,2.5885156639334435,-7.512415672021372,2024-02-06
2024-01-29,0.007528365505246271,5.667628718058193e-05,-9.778154650217083,-10.883823858377026,-10.320624859806776,2.6100698207912507,-7.52154574460267,2024-02-05
2024-01-26,-0.0006519977554262368,4.251010730808509e-07,-14.670938877282687,-11.689079126397019,-10.37570613443261,2.58475200201879,-7.439147094152313,2024-02-02
2024-01-25,0.005246578134979529,2.7526582126445277e-05,-10.50035839739088,-10.171233444143164,-10.37232091312366,2.598979091866817,-7.651644535907542,2024-02-01
2024-01-24,0.000811598976216743,6.586928981960655e-07,-14.233008422903254,-9.941794570648517,-10.26561144382862,2.5756610391845274,-7.961515656811442,2024-01-31
2024-01-23,0.0029171153407645534,8.509561911323895e-06,-11.674320095984482,-9.820348145530653,-10.014932953033084,2.5297206807757897,-9.3652686488709,2024-01-30
2024-01-22,0.002191921187231216,4.8045184910331035e-06,-12.245953730546079,-9.8004300424458,-9.98914583960548,2.5794589349159778,-9.27438594594281,2024-01-29
2024-01-19,0.012238308232548789,0.00014977618839487146,-8.806368455491485,-9.815851057713026,-9.973805132779814,2.5877640495686753,-10.079641213962663,2024-01-26
2024-01-18,0.008766720726242738,7.6855392291934e-05,-9.473584923987946,-10.608122527662603,-10.131715417546095,2.648300204795581,-8.561795531709008,2024-01-25
2024-01-17,-0.005632731271107971,3.1727661572517624e-05,-10.358321652768002,-11.06007904073427,-10.214878529474683,2.6939512741434677,-8.332356658214373,2024-01-24
2024-01-16,-0.0037383190523563314,1.397502933721034e-05,-11.178238439661605,-11.531111990306659,-10.041944024164213,2.62756296121466,-8.210910233096515,2024-01-23
2024-01-12,0.0007506937530337154,5.63541110843845e-07,-14.389025549883135,-9.980063720181409,-10.034576797943647,2.541601978446052,-8.190992130011661,2024-01-22
2024-01-11,-0.0006712808369613299,4.5061796207150357e-07,-14.612645947178391,-9.968200580443845,-10.019376707880348,2.5209170535797867,-8.206413145278887,2024-01-19
2024-01-10,0.005649980650495934,3.1922281350978455e-05,-10.352206317041274,-9.920927925799079,-10.002920846630074,2.540814248659574,-8.998684615228417,2024-01-18
2024-01-09,-0.001478993852318311,2.187422815195358e-06,-13.032786503819276,-9.79540229332991,-9.972201681816152,2.5463152958540918,-9.450641128300031,2024-01-17
2024-01-08,0.01401594543635376,0.0001964467264748458,-8.535119275499783,-9.692990874989095,-9.959496545387646,2.5710843401961823,-9.921674077872341,2024-01-16
2024-01-05,0.0018240216394342923,3.3270549411245636e-06,-12.61342304735086,-10.636310619099085,-10.168447002879152,2.5915164134207695,-8.370625807747262,2024-01-12
2024-01-04,-0.0034342716633180004,1.1794221857468985e-05,-11.347900819517527,-10.66322305105882,-10.138008444172346,2.648300204795581,-8.3587626680097,2024-01-11
2024-01-03,-0.008048618327197943,6.47802569769066e-05,-9.644509677311598,-10.750283940717342,-10.112470766609926,2.641910395880644,-8.311490013364935,2024-01-10
2024-01-02,-0.005676660799721844,3.2224477835098646e-05,-10.342784212991061,-11.326478202867207,-10.170731793463963,2.5802168151427143,-8.185964380895772,2024-01-09
2023-12-29,-0.002830477036734891,8.011600255483529e-06,-11.734620034630133,-11.998252221950818,-10.208646982279507,2.5217206075906473,-8.08355296255496,2024-01-08
2023-12-28,0.00037010611032783913,1.3697853290200263e-07,-15.803441617542063,-10.574478216632002,-10.217383508365733,2.523325781105642,-9.026872706664895,2024-01-05
2023-12-27,0.0014294356164228361,2.0432861814981335e-06,-13.10095117288944,-9.577063566453395,-10.212803447593686,2.5201129300741707,-9.053785138624628,2024-01-04
2023-12-26,0.004222761046978718,1.78317108598808e-05,-10.934532176689107,-9.488279749407816,-10.214895500701319,2.564179813062659,-9.140846028283143,2024-01-03
2023-12-22,0.0016586821527599938,2.7512264838845273e-06,-12.803463751571792,-9.481485053278552,-10.216641776944027,2.5672543706433686,-9.71704029043293,2024-01-02
2023-12-21,0.01024876930727281,0.00010503727231369718,-9.1611952963791,-9.488712128336656,-10.214975520656072,2.6137394936844682,-10.388814309516372,2023-12-29
2023-12-20,-0.01479314796530673,0.00021883722672345866,-8.427182361470686,-9.78852150651309,-10.280139825734217,2.615203656316981,-8.965040304197817,2023-12-28
2023-12-19,0.00584926745082015,3.421392971122406e-05,-10.282877695322673,-9.921853850351578,-10.6194858278734,2.528125747596819,-7.967625654019263,2023-12-27
2023-12-18,0.004518122263400315,2.0413428787033585e-05,-10.79931759980712,-9.976946352039572,-10.682438422540892,2.530517194449025,-7.878841836973687,2023-12-26
2023-12-15,-7.625240044895065e-05,5.814428574227129e-09,-18.96292332334913,-9.99902268928901,-10.718476047590235,2.5079719009739794,-7.872047140844425,2023-12-22
2023-12-14,0.0026435651851546282,6.988436888161624e-06,-11.871253647875475,-9.92810629191388,-10.16847389279733,2.5241273262614996,-7.879274215902528,2023-12-21
2023-12-13,0.013558345175020747,0.0001838287238850084,-8.60150608231479,-9.721426663643294,-10.17595403554684,2.5006159090701527,-8.179083594078952,2023-12-20
2023-12-12,0.004588812795692121,2.105720287390774e-05,-10.768267877082835,-10.546616196196878,-10.110915830691365,2.4907230098256137,-8.312415937917434,2023-12-19
2023-12-11,0.003916813547780507,1.534142836807692e-05,-11.08495365240453,-10.71832413510143,-10.061990872388828,2.5360749454234384,-8.367508439605427,2023-12-18
2023-12-08,0.004087134146503857,1.670466553151781e-05,-10.999822504414196,-10.598657116965127,-10.077376159432236,2.5136560939622226,-8.389584776854862,2023-12-15
2023-12-07,0.007936610684822654,6.298978916244111e-05,-9.672537921495252,-10.46671533283066,-10.086789607659501,2.5695541559782002,-8.318668379479735,2023-12-14
2023-12-06,-0.003913851944943758,1.5318237046940038e-05,-11.086466475538506,-10.88573118837907,-10.15446240365672,2.562639018916541,-8.111988751209159,2023-12-13
2023-12-05,-0.0005690315939350654,3.237969548962812e-07,-14.943149200020471,-11.053029082642743,-10.07357708045416,2.5533438410275884,-8.937178283762696,2023-12-12
2023-12-04,-0.005423188063826245,2.941096877562746e-05,-10.434142865593138,-11.045031716675313,-9.754537415607537,2.5710843401961823,-9.108886222667232,2023-12-11
2023-12-01,0.0058565589538464025,3.429928277987847e-05,-10.280386114218626,-11.431407676049217,-9.693894939706436,2.5360749454234384,-8.98921920453094,2023-12-08
2023-11-30,0.003776931264994232,1.4265209780490932e-05,-11.157686867448938,-12.41416066575769,-9.688486836242978,2.55877650425956,-8.857277420396485,2023-12-07
2023-11-29,-0.0009466966151023826,8.962344810463087e-07,-13.925063760611996,-12.313024709105441,-9.598605821520215,2.5634096760090963,-9.276293275944855,2023-12-06
2023-11-28,0.0009796385280509412,9.596916456418146e-07,-13.85665380653753,-12.179998907417929,-9.583799160162378,2.540814248659574,-9.443591170208506,2023-12-05
2023-11-27,-0.001956069316898734,3.82620717251268e-06,-12.473636539820276,-11.056564200737004,-9.494940997582002,2.540814248659574,-9.435593804241078,2023-12-04
2023-11-24,0.000596695609644371,3.5604565056886755e-07,-14.84820688238037,-11.08463798665765,-9.378286393776028,2.5225235164208617,-9.82196976361492,2023-12-01
2023-11-22,0.004052905094313886,1.6426039703515447e-05,-11.016642695535142,-11.070925991377385,-9.350682708248934,2.5533438410275884,-10.804722753323063,2023-11-30
2023-11-21,-0.002022975931756932,4.092431620467826e-06,-12.406371236339714,-11.267455621771145,-9.357810861825758,2.5915164134207695,-10.703586796670864,2023-11-29
2023-11-20,0.007363103793794679,5.421529747819359e-05,-9.822547448046171,-9.392213196151358,-9.278683962385163,2.5960006859149227,-10.570560994983412,2023-11-28
2023-11-17,0.001281227937178997,1.6415450270079478e-06,-13.319872669977103,-9.529616056814104,-9.269788563679192,2.624668605984526,-9.447126288302767,2023-11-27
2023-11-16,0.0011897193967129738,1.4154322429150822e-06,-13.46807560149136,-9.02499903841841,-9.186368577516863,2.6616571402213416,-9.47520007422341,2023-11-24
2023-11-15,0.001595738207846864,2.5463804279823216e-06,-12.880837647160154,-8.923238707642009,-9.18699262713126,2.6518325426255456,-9.461488078943146,2023-11-22
2023-11-14,0.01889537047457779,0.000357035025371546,-7.937676670712691,-8.925549021711044,-9.13993021808188,2.6504210774895927,-9.658017709336878,2023-11-21
2023-11-13,-0.0008361884413705667,6.992111094817377e-07,-14.173313123884434,-9.669995486852523,-9.291369569198329,2.691920834679226,-7.782775283717232,2023-11-20
2023-11-10,0.01549575927077207,0.00024011855537771853,-8.33437777585011,-9.66252264594831,-9.27253945311888,2.651127059086777,-7.9201781443799755,2023-11-17
2023-11-09,-0.00811669069906884,6.588066790435061e-05,-9.627665514510253,-10.316455567191532,-9.38601319112857,2.727199017446074,-7.41556112598429,2023-11-16
2023-11-08,0.001004411032420549,1.0088415220481132e-06,-13.806707893301237,-9.318833787876049,-9.407315010953628,2.6706944013587965,-7.313800795207891,2023-11-15
2023-11-07,0.002836093401711537,8.043425783231717e-06,-11.73065547308325,-9.102722540854353,-9.386239389035486,2.6953026566130425,-7.316111109276927,2023-11-14
2023-11-06,0.0017514577241009022,3.067604159312712e-06,-12.694613705171664,-9.04410954393075,-9.318197656206937,2.700689869753188,-8.06055757441839,2023-11-13
2023-11-03,0.009349883544551574,8.74203222966763e-05,-9.344782781774562,-8.832065064662961,-9.318888956424209,2.7020321185427174,-8.053084733514176,2023-11-10
2023-11-02,0.018682938934086124,0.00034905220721479115,-7.960289056076119,-8.924235762141596,-9.33019119977124,2.751109680818858,-8.707017654757367,2023-11-09
2023-11-01,0.010451194990192647,0.00010922747672302788,-9.122077907961309,-9.29754015452259,-9.414354025752964,2.825536946304965,-7.709395875441925,2023-11-08
2023-10-31,0.006454084821687189,4.165521088553296e-05,-10.086084085879879,-9.101248655501852,-9.47716776012909,2.8981194110402666,-7.493284628420234,2023-11-07
2023-10-30,0.011938474300286828,0.00014252716861860905,-8.855977919455604,-9.08214452619786,-9.497732722348067,2.9831534913471307,-7.434671631496632,2023-11-06
2023-10-27,-0.004811838578621774,2.3153790506712817e-05,-10.673352054044386,-9.36417574722373,-9.565408248025525,3.0572976507337097,-7.222627152228846,2023-11-03
2023-10-26,-0.011903081205584698,0.00014168334218674365,-8.861915975081708,-9.086427196849543,-9.580498234071337,3.0291670643972775,-7.31479784970748,2023-11-02
2023-10-25,-0.014443434657238186,0.00020861280469790914,-8.47503063330305,-9.21666158141941,-9.53001887574572,3.0051874587763363,-7.688102242088467,2023-11-01
2023-10-24,0.007239523519629643,5.2410700791270765e-05,-9.85639977391216,-9.271731480706958,-9.658369803309824,2.942858747750533,-7.491810743067733,2023-10-31
2023-10-23,-0.0016869920654354331,2.8459422288421087e-06,-12.769616357574284,-9.389881894207049,-9.692475375903353,3.014063271438193,-7.472706613763742,2023-10-30
2023-10-20,-0.012665149196156023,0.00016040600416089156,-8.737802430807925,-9.159564247093094,-9.510804480619209,3.077772941719433,-7.754737834789605,2023-10-27
2023-10-19,-0.008519032328058174,7.257391180650027e-05,-9.530905042220414,-9.456359562493384,-9.555563972129688,3.0633909042021177,-7.476989284415425,2023-10-26
2023-10-18,-0.01349040825115111,0.00018199111478272594,-8.61155269195434,-9.5454138410193,-9.600156295613512,2.955951367816573,-7.607223668985289,2023-10-25
2023-10-17,-9.824987944462293e-05,9.65303881088294e-09,-18.45599306848479,-10.157076078107124,-9.730047668518687,2.883682722808376,-7.662293568272834,2023-10-24
2023-10-16,0.010538642302590162,0.00011106298158194287,-9.10541311592426,-10.026895774114784,-9.621737055481184,2.8454905570260416,-7.7804439817729225,2023-10-23
2023-10-13,-0.005031495660219321,2.5315948578805857e-05,-10.584075982227008,-10.418306333502581,-9.649974330781552,2.961140812988524,-7.550126334658973,2023-10-20
2023-10-12,-0.006266024940655868,3.926306855692137e-05,-10.145226212289455,-9.856426958074518,-9.666891153902839,2.814809769672402,-7.846921650059256,2023-10-19
2023-10-11,0.004283819500095376,1.8351109509397397e-05,-10.905820521564173,-10.011135007473705,-9.671662915183616,2.7781979704876907,-7.9359759285851705,2023-10-18
2023-10-10,0.005194476099985579,2.698258195332139e-05,-10.520319012974717,-9.821451945303556,-9.65270046820491,2.8349765349943556,-8.54763816567297,2023-10-17
2023-10-09,0.0062840681193883086,3.9489512129112515e-05,-10.139475437031408,-9.347489934150262,-9.670508984611397,2.8735646826837065,-8.417457861680637,2023-10-16
2023-10-06,0.01174564209396145,0.00013796010819943911,-8.888545985614707,-9.442432094930561,-9.691720618263801,2.8593396923698937,-8.808868421068409,2023-10-13
2023-10-05,-0.0013048811469964505,1.7027148077867723e-06,-13.283286634907148,-9.842059987808865,-9.759442379700733,2.917230033020351,-8.246989045640378,2023-10-12
2023-10-04,0.008077047607828902,6.523869805913459e-05,-9.637457736585716,-9.725637361575638,-9.746956034183265,2.922085729279452,-8.401697095039557,2023-10-11
2023-10-03,-0.013839395863447734,0.00019152887786521425,-8.560471962460715,-9.971871496990873,-9.796359270055827,2.9846713609086963,-8.212014032869417,2023-10-10
2023-10-02,7.936440615274876e-05,6.2987089639784645e-09,-18.882921150901822,-9.855475479286598,-9.964000109906214,2.8684669571674872,-7.738052021716138,2023-10-09
2023-09-29,-0.0027132596482903892,7.361777919040887e-06,-11.81920908930856,-9.795854663513845,-9.949968516250674,2.8633431116363086,-7.832994182496435,2023-10-06
2023-09-28,0.005875877143001418,3.452593219964651e-05,-10.273799858319556,-9.80335329075572,-9.775529050567663,2.8530159801521586,-8.232622075374724,2023-10-05
2023-09-27,0.00022928777229402897,5.2572882523558475e-08,-16.76106539151711,-9.18025052079373,-9.771955830517017,2.9025198541454498,-8.1161994491415,2023-10-04
2023-09-26,-0.014844165482264415,0.00022034924886485033,-8.420296775509634,-9.020845329594879,-9.736888449150792,2.941276115955272,-8.362433584556728,2023-10-03
2023-09-25,0.004014994203807021,1.612017845660397e-05,-11.035438750438137,-9.462379570622117,-9.765589477788945,2.8273135993568546,-8.246037566852456,2023-10-02
2023-09-22,-0.0022982374027602503,5.2818951594461815e-06,-12.15122559293339,-9.503351717567247,-9.686047693776562,2.844909428176351,-8.186416751079706,2023-09-29
2023-09-21,-0.016536918318488247,0.00027346966747235216,-8.20431984728976,-9.176133616036903,-9.684254434587503,2.8644840391405775,-8.19391537832158,2023-09-28
2023-09-20,-0.009439204206291407,8.90985760480694e-05,-9.325767205118366,-9.674286651305268,-9.86499812489776,2.7173402706858383,-7.57081260835961,2023-09-27
2023-09-19,-0.002153327361533286,4.636818725927903e-06,-12.281482046282676,-10.000704300057212,-9.946122499926169,2.6468837415328474,-7.411407417160761,2023-09-26
2023-09-18,0.0007210276941744809,5.198809357665687e-07,-14.469666021268173,-9.884344415380097,-9.89497699262196,2.6390573296152584,-7.852941658187989,2023-09-25
2023-09-15,-0.01223414584249305,0.00014967432449538995,-8.807048794305585,-9.723786909003714,-9.844875666225485,2.6239436890389327,-7.893913805133118,2023-09-22
2023-09-14,0.008394585533666898,7.046906628204957e-05,-9.560336720577611,-10.403882540686661,-9.857552699257006,2.551006427687861,-7.566695703602782,2023-09-21
2023-09-13,0.0012408621175339363,1.5397387947308043e-06,-13.38389776973595,-10.909165288001864,-9.890735959540082,2.601207071525431,-8.064848738871133,2023-09-20
2023-09-12,-0.005712169023004421,3.262887494737128e-05,-10.330312927041073,-10.491528046511728,-9.891089909595989,2.655352379932845,-8.391266387623064,2023-09-19
2023-09-11,0.006700951498135765,4.490275098036796e-05,-10.011011496042427,-10.605554757980059,-9.920766652511256,2.624668605984526,-8.274906502945955,2023-09-18
2023-09-08,0.0014256060622575006,2.032352644745337e-06,-13.106316497662952,-11.015571097791543,-9.916160033826973,2.62756296121466,-8.114348996569579,2023-09-15
2023-09-07,-0.003216433115733608,1.0345441987987805e-05,-11.478964522886038,-11.009243033655984,-9.901684511309192,2.6672281800910014,-8.79444462825249,2023-09-14
2023-09-06,-0.006996014491431168,4.894421876431491e-05,-9.924829300879647,-10.958673677366175,-9.839791628753451,2.6706944013587965,-9.299727375567647,2023-09-13
2023-09-05,-0.004202997821382226,1.766519068654374e-05,-10.94391448261512,-9.921387267990632,-9.857609607846827,2.6397713766859487,-8.882090134077552,2023-09-12
2023-09-01,0.0017975127655187606,3.231052142202903e-06,-12.642702733151573,-9.838071794363609,-9.86734426196928,2.5718485915786373,-8.996116845545872,2023-09-11
2023-08-31,-0.0015982129743399298,2.554284711348485e-06,-12.8777383299231,-9.693228631966253,-9.712513028572777,2.6078614513577736,-9.406133185357314,2023-09-08
2023-08-30,0.003825854181192412,1.463716021574746e-05,-11.131947042580753,-9.231502539106755,-9.70908857134055,2.630448963323681,-9.399805121221755,2023-09-07
2023-08-29,0.014404068712057239,0.00020747719546166627,-8.48048912572268,-9.035465722854408,-9.718475940772208,2.6706944013587965,-9.34923576493195,2023-09-06
2023-08-28,0.006245078594195874,3.900100664768352e-05,-10.151923100688673,-9.444021605063122,-9.805952505595094,2.7133693575205298,-8.311949355556488,2023-09-05
2023-08-25,0.0066955010602960385,4.4829734448425377e-05,-10.01263892333833,-9.424014448827736,-9.80385847195028,2.752386034385003,-8.228633881929468,2023-09-01
2023-08-24,-0.013549353984007695,0.00018358499338394518,-8.602832818499964,-9.541631198139477,-9.841425161148385,2.844909428176351,-8.083790719532118,2023-08-31
2023-08-23,0.010984330710790857,0.00012065552116402318,-9.022571005116625,-9.963813952654878,-10.004064826233218,2.771337911692091,-7.622064626672634,2023-08-30
2023-08-22,-0.002781331046545432,7.735802390477508e-06,-11.769651344286705,-10.276134670114622,-10.114994282174793,2.8314470387838178,-7.426027810420289,2023-08-29
2023-08-21,0.006855634859800119,4.69997293309066e-05,-9.96536871518768,-9.722926097037929,-10.123602265216803,2.840831263344002,-7.8345836926289945,2023-08-28
2023-08-18,-0.00014871788395787178,2.2117009008907016e-08,-17.62691888603039,-9.771226658348208,-10.124774023873139,2.8507064574031857,-7.814576536393609,2023-08-25
2023-08-17,-0.00774281137752908,5.995112802799377e-05,-9.721980860521088,-9.767297663732053,-10.118527333035779,2.884241863403715,-7.932193285705346,2023-08-24
2023-08-16,-0.00758408179262382,5.751829663720814e-05,-9.763407458390382,-10.001821345524531,-10.129468560526762,2.8201877419595305,-8.354376040220732,2023-08-23
2023-08-15,-0.011618139396096794,0.00013498116302713636,-8.91037532239382,-10.036045711550686,-10.17936664531756,2.8009331396275767,-8.66669675768046,2023-08-22
2023-08-14,0.005734004879418109,3.287881195719068e-05,-10.322682121117944,-10.801436543151125,-10.354238476108069,2.695977599275783,-8.113488184603792,2023-08-21
2023-08-11,-0.0010702648992282349,1.1454669545200237e-06,-13.67969818355276,-10.416464180297556,-10.301084381235862,2.697326248021437,-8.161788745914071,2023-08-18
2023-08-10,0.0002506825210808472,6.28417263754494e-08,-16.58264655137987,-10.250084166211321,-10.231357030003057,2.76316952439078,-8.157859751297917,2023-08-17
2023-08-09,-0.007063619102046559,4.9894714818797036e-05,-9.905595476271209,-10.214268850155866,-10.17602104118352,2.770085594411824,-8.392383433090384,2023-08-16
2023-08-08,-0.004227205100058029,1.7869262957956612e-05,-10.932428474301798,-9.633333680365723,-10.23013945090565,2.771963512531802,-8.426607799116539,2023-08-15
2023-08-07,0.008983618964856888,8.070540970573633e-05,-9.424704950167612,-9.666697024187467,-10.242359070259717,2.7581094300024462,-9.19199863071692,2023-08-14
2023-08-04,-0.005314169373939137,2.824039613491268e-05,-10.474757117997365,-9.951659587471415,-10.264857819864673,2.8390784858167852,-8.807026267863383,2023-08-11
2023-08-03,-0.0025512254502917386,6.508751298216284e-06,-11.94236293301224,-9.699343547221794,-10.297157143512683,2.7675761852085703,-8.640646253777161,2023-08-10
2023-08-02,-0.01393620063833545,0.0001942176882319414,-8.546530923701047,-9.591152779772813,-10.304107966743963,2.7781979704876907,-8.604830937721708,2023-08-09
2023-08-01,-0.0026686453076827377,7.1216677782170934e-06,-11.85236862145631,-10.431394860997488,-10.367864540827739,2.6340448096995233,-8.023895767931592,2023-08-08
2023-07-31,0.0014676354365690258,2.153953774673155e-06,-13.04820543968637,-10.426129489605593,-10.34951759809,2.6122732541046934,-8.057259111753334,2023-08-07
2023-07-28,0.009829375810433305,9.661662882273139e-05,-9.244759690538304,-10.33554502836384,-10.352402462250843,2.5900171284671405,-8.342221675037269,2023-08-04
2023-07-27,-0.0064453930551966465,4.154309163597716e-05,-10.088779316768726,-11.238611493006262,-10.306295330244414,2.667922399422403,-8.089905634787659,2023-08-03
2023-07-26,-0.00015545097867608604,2.4165006771352956e-08,-17.538360251436163,-11.173538077684482,-10.335720525326483,2.5794589349159778,-7.981714867338681,2023-08-02
2023-07-25,0.0028107195758391157,7.900144534005218e-06,-11.748629503214959,-11.097815639475616,-10.25620983926289,2.6290069689909954,-8.821956948563313,2023-08-01
2023-07-24,0.004026038496874662,1.620898597831679e-05,-11.029944779490025,-10.653212515005785,-10.248710754004504,2.632607994965697,-8.81669157717142,2023-07-31
2023-07-21,0.0003240420146131129,1.0500322723452486e-07,-16.069274751694312,-10.665153378599399,-10.234118212121883,2.6100698207912507,-8.726107115929675,2023-07-28
2023-07-20,-0.006779827396258042,4.596605952305111e-05,-9.987607270265874,-10.657085714057438,-10.206141264263678,2.638342772317001,-9.629173580572,2023-07-27
2023-07-19,0.002355134827233485,5.5466600544480964e-06,-12.102314603346745,-10.46320981715344,-10.246868406854036,2.621765849139052,-9.56410016525023,2023-07-26
2023-07-18,0.007092066941428499,5.029741350170298e-05,-9.897556903618025,-10.16840496175336,-10.080790086589934,2.5877640495686753,-9.488377727041376,2023-07-25
2023-07-17,0.0038479695744211284,1.480686984567072e-05,-11.120419306130305,-10.19559152162627,-10.136162178959161,2.601207071525431,-9.043774602571593,2023-07-24
2023-07-14,-0.0010249321969073577,1.0504860082573426e-06,-13.766257635876812,-10.245211254837377,-10.099088922035238,2.5907670519258503,-9.055715466165209,2023-07-21
2023-07-13,0.008434482989626346,7.114050330229619e-05,-9.550853716654595,-10.205576800203987,-10.009247834134465,2.6108047914376025,-9.047647801623247,2023-07-20
2023-07-12,0.007383905235389676,5.452205652521507e-05,-9.816905231282139,-10.249111742757236,-10.082418134330583,2.605648264666775,-8.853771904719263,2023-07-19
2023-07-11,0.0067195839982545635,4.515280910959879e-05,-10.005458062769833,-10.586253071576127,-10.100474049758489,2.697326248021437,-8.558967049319206,2023-07-18
2023-07-10,0.0024021386106269915,5.770269904664973e-06,-12.06279170129999,-11.011901214477753,-10.134896886383807,2.7127059923878543,-8.586153609192111,2023-07-17
2023-07-07,-0.002869212795733489,8.232382067200784e-06,-11.707435148070193,-10.006839196773612,-10.135174730577381,2.6966521510052726,-8.635773342403217,2023-07-14
2023-07-06,-0.007954061175894367,6.326708918987008e-05,-9.66814528202991,-9.956282990913158,-10.140011531183971,2.7369615174193824,-8.59613888776983,2023-07-13
2023-07-05,-0.0019702580976126427,3.8819169712081896e-06,-12.459181461594513,-10.26588263022352,-9.985628778934446,2.6518325426255456,-8.639673830323074,2023-07-12
2023-07-03,0.0011699930926720725,1.3688838369003608e-06,-13.501514867777965,-9.721603666891268,-9.898467462212658,2.6078614513577736,-8.976815159141944,2023-07-11
2023-06-30,0.0121943502618862,0.00014870217830956404,-8.81356505558351,-9.66062839821764,-9.866269176811366,2.609334239391006,-9.402463302043522,2023-07-10
2023-06-29,0.004463568114490002,1.992344031269183e-05,-10.823613614259433,-9.99065956579824,-10.00581256368238,2.605648264666775,-8.397401284339464,2023-07-07
2023-06-28,-0.000354139388390351,1.2541470640949187e-07,-15.891639939631125,-10.018110758561173,-9.866744358256454,2.5974910332585845,-8.346845078479012,2023-07-06
2023-06-27,0.011390733524182295,0.0001297488102189304,-8.949910205756616,-9.901656861857331,-9.802349161606687,2.6203112701361366,-8.656444717789359,2023-07-05
2023-06-26,-0.0044969343631322545,2.0222418666319695e-05,-10.808718734002325,-10.460446777710867,-9.86664687887211,2.6567569067146595,-8.112165754457132,2023-07-03
2023-06-23,-0.007688288056503012,5.910977323976686e-05,-9.736114279376821,-10.508292839967906,-9.776919093448228,2.598235303873522,-8.051190485783506,2023-06-30
2023-06-22,0.003703930387334964,1.3719100314223335e-05,-11.196721512581718,-10.013497585700803,-9.825404146668276,2.5580021930391945,-8.381221653364094,2023-06-29
2023-06-21,-0.005259086366924848,2.7657989414774794e-05,-10.49559592364027,-10.073526000986067,-9.835227065400211,2.5802168151427143,-8.408672846127025,2023-06-28
2023-06-20,-0.004746353835235695,2.252787472925659e-05,-10.700757138672756,-9.982624032780567,-9.784957981857168,2.630448963323681,-8.292218949423187,2023-06-27
2023-06-16,-0.0036783764677519315,1.3530453438511176e-05,-11.210567602779864,-9.739562851609094,-9.694535139489462,2.605648264666775,-8.851008865276693,2023-06-26
2023-06-15,0.012104580493589978,0.000146520868925799,-8.828342689646737,-9.781916232464157,-9.674520759973086,2.6741486494265287,-8.898854927533728,2023-06-23
2023-06-14,0.000819089980126364,6.709083955434074e-07,-14.214633228603716,-10.26669682413821,-9.77947397350004,2.630448963323681,-8.404059673266655,2023-06-22
2023-06-13,0.006908570725908447,4.772834947487917e-05,-9.949985007999464,-10.189697012420126,-9.77799748914792,2.681706202263446,-8.464088088551916,2023-06-21
2023-06-12,0.009277974981754866,8.608081976206921e-05,-9.360223938337906,-10.44425167976813,-9.814620091639238,2.7087166608939937,-8.373186120346421,2023-06-20
2023-06-09,0.0011474010230507758,1.316529107697967e-06,-13.540511748343365,-11.273635221886792,-9.871139432746428,2.6268401401601125,-8.130124939174957,2023-06-16
2023-06-08,0.006169571607523849,3.8063613820364415e-05,-10.17625174998991,-9.824970995418953,-9.853904872302685,2.6137394936844682,-8.17247832003002,2023-06-15
2023-06-07,-0.003819293926420997,1.4587006096396314e-05,-11.135379418926762,-9.630355145107098,-9.887205882146542,2.634762375230749,-8.657258911704048,2023-06-14
2023-06-06,0.0023511302338512508,5.527813376529437e-06,-12.105718231741454,-9.562806844339354,-9.635137633354299,2.6361961000668175,-8.58025909998597,2023-06-13
2023-06-05,-0.002005591490657821,4.02239722739906e-06,-12.42363250784093,-9.578658460286464,-9.603015275441509,2.689886199397575,-8.834813767333957,2023-06-12
2023-06-02,0.014429812390106989,0.00020821948561368516,-8.476917815318927,-9.19051992995818,-9.572977892896997,2.6810215548423537,-9.664197309452522,2023-06-09
2023-06-01,0.00980621508585422,9.616185431003488e-05,-9.24947780377309,-9.490534511001806,-9.621431041391103,2.7504708926110997,-8.215533082984814,2023-06-08
2023-05-31,-0.006127358186214238,3.754451834216663e-05,-10.18998317330903,-9.608989114917138,-9.68953058591306,2.8870328863997474,-8.020917232672966,2023-06-07
2023-05-30,1.6603130665870935e-05,2.7566394790798385e-10,-22.011838572107756,-9.371846864833758,-9.667740718678361,2.8599124979757535,-7.953368931905224,2023-06-06
2023-05-26,0.01296468093164016,0.00016808295165923398,-8.69105294054392,-9.37179102562183,-9.428997113974924,2.8875901574378777,-7.969220547852333,2023-06-05
2023-05-25,0.008719456079012033,7.602891431381991e-05,-9.484396838533632,-9.866327160579141,-9.519683747492255,2.9517803541360115,-7.581082017524059,2023-06-02
2023-05-24,-0.0073455126783059654,5.3956556507153676e-05,-9.827331344317924,-9.81984684142011,-9.415126142937343,2.9972311839585806,-7.8810965985676775,2023-06-01
2023-05-23,-0.011285468768283735,0.00012736180531990762,-8.968478661032204,-9.545584684704304,-9.445271248255,2.9193910773531506,-7.999551202483007,2023-05-31
2023-05-22,0.0001550226798023857,2.4032031253113005e-08,-17.543878260886462,-9.822255469964688,-9.52080776281768,2.8454905570260416,-7.762408952399632,2023-05-30
2023-05-19,-0.0014469138806756376,2.0935597780918334e-06,-13.076644697754997,-9.790671369805414,-9.498962173056213,2.8219739156502905,-7.7623531131877055,2023-05-26
2023-05-18,0.009400723063727412,8.83735941208965e-05,-9.33393734198274,-9.78918144614208,-9.500228684271798,2.7757088020408553,-8.256889248144999,2023-05-25
2023-05-17,0.011820688622071529,0.0001397286794999713,-8.875808019285346,-10.153059056299131,-9.55493218356245,2.825536946304965,-8.21040892898597,2023-05-24
2023-05-16,-0.006398107681917509,4.093578190941184e-05,-10.103506014074565,-11.10651251780347,-9.641202407112242,2.8898160352397158,-7.936146772270173,2023-05-23
2023-05-15,0.002953797680316228,8.724920736241529e-06,-11.649327174588507,-11.41393335766613,-9.667164134906571,2.8402474197342373,-8.212817557530549,2023-05-22
2023-05-12,-0.001584561589439204,2.5108354307260967e-06,-12.894895019273102,-11.581583682099918,-9.555323270389222,2.8349765349943556,-8.181233457371276,2023-05-19
2023-05-11,-0.001698064889705364,2.88342436965009e-06,-12.756531952897973,-9.486654824927577,-9.545960087626577,2.829087214170784,-8.179743533707944,2023-05-18
2023-05-10,0.004473942241913775,2.0016159183980456e-05,-10.818970651434588,-9.36374210673662,-9.547794023730383,2.8296777207503316,-8.543621143864977,2023-05-17
2023-05-09,-0.004589938949060013,2.1067539556098134e-05,-10.767777111713052,-9.297647930381714,-9.559986455158143,2.8741294000992386,-9.497074605369228,2023-05-16
2023-05-08,0.00045202648488285035,2.0432794303554574e-07,-15.403539569950185,-9.074161179151304,-9.56535452377122,2.83203615392421,-9.804495445231836,2023-05-15
2023-05-05,0.018306166381879763,0.0003351157276010648,-8.001034630269663,-9.074257514635026,-9.56145751274435,2.8443278504626814,-9.97214576966559,2023-05-12
2023-05-04,-0.007244913455062729,5.2488770971348974e-05,-9.854911297503644,-9.703555008605592,-9.777842292673913,3.000222186422059,-7.877216912493449,2023-05-11
2023-05-03,-0.007022908054892696,4.932123754747671e-05,-9.917155787779432,-8.981903740683753,-9.809492195154036,2.909084475148269,-7.754304194302494,2023-05-10
2023-05-02,-0.0116539066805732,0.00013581354091950868,-8.90422763559037,-9.038393609211475,-9.687985370942311,2.87807426870474,-7.688210017947591,2023-05-09
2023-05-01,-0.0003861810485101813,1.4913580222842302e-07,-15.718408521744095,-8.856887988556897,-9.766735503708608,2.777576259006172,-7.4647232667171854,2023-05-08
2023-04-28,0.008219331313243927,6.755740723687214e-05,-9.602532843953636,-8.856080106791602,-9.619744919131055,2.7587432984957503,-7.4648196022009055,2023-05-05
2023-04-27,0.019377193402696946,0.00037547562416552206,-7.887317004538245,-8.95442666582543,-9.665313047824899,2.8349765349943556,-8.094117096171457,2023-05-04
2023-04-26,-0.003848583503344827,1.4811594982217941e-05,-11.120100239182388,-9.701396345093459,-9.976003464446366,2.935982277247362,-7.372465828249637,2023-05-03
2023-04-25,-0.01593718381857734,0.0002539938280671234,-8.278200590189295,-9.750988241138536,-9.959698749468838,2.9317269557786028,-7.428955696777357,2023-05-02
2023-04-24,0.000851216778272601,7.245700036127863e-07,-14.137687456509328,-11.789407461607897,-10.228512225066257,2.826721694682848,-7.2474500761227825,2023-05-01
2023-04-21,0.0009027812573005889,8.150139985332321e-07,-14.02006054773866,-11.551823523584945,-9.93150909164431,2.8195916031316988,-7.246642194357487,2023-04-28
2023-04-20,-0.005970335188310472,3.5644902260778236e-05,-10.241904415416165,-11.482035337260978,-9.787593768090135,2.8431636793528288,-7.344988753391313,2023-04-27
2023-04-19,-8.426554794027652e-05,7.10068256967504e-09,-18.763074920946018,-10.180465605743217,-9.753224667822565,2.8009331396275767,-8.091958432659323,2023-04-26
2023-04-18,0.0008548548034656989,7.307767350083786e-07,-14.129157847913207,-10.093782025550412,-9.66152099826528,2.8231630036695035,-8.1415503287044,2023-04-25
2023-04-17,0.003300703582615583,1.0894644140291344e-05,-11.427239252763693,-10.097315794723947,-9.466119044834596,2.8302678788376356,-10.179969549173515,2023-04-24
2023-04-14,-0.002071517584578686,4.291185103218714e-06,-12.358947615337227,-10.146594890735226,-9.44395342544451,2.8373225189284472,-9.942385611150621,2023-04-21
2023-04-13,0.013175510497831056,0.00017359407687845635,-8.658790875683835,-10.104280955837284,-9.30342689303381,2.8791984144362717,-9.87259742482667,2023-04-20
2023-04-12,-0.004143456323461692,1.7168230304434678e-05,-10.97244995741552,-11.80988487710531,-9.392766836102197,2.9491646457307357,-8.57102769330906,2023-04-19
2023-04-11,-4.135333298194155e-05,1.7100981487153347e-09,-20.18671507116943,-11.439931339888917,-9.291419816960858,2.949688355024821,-8.484344113116261,2023-04-18
2023-04-10,0.000995807017009298,9.916316151249564e-07,-13.823914154351959,-11.21407304307034,-9.133459566414578,2.942858747750533,-8.487877882289794,2023-04-17
2023-04-06,0.0035727731328023538,1.2764707858474346e-05,-11.268826393668688,-9.819631135258115,-9.133035723985076,2.9123506438828892,-8.53715697830107,2023-04-14
2023-04-05,-0.0024954816571209903,6.227428701027324e-06,-11.986547038927833,-9.74962696360567,-9.042279829515413,2.948640662021506,-8.494843043403131,2023-04-13
2023-04-04,-0.0058138397451621415,3.3800732582426994e-05,-10.295028081673879,-9.240375430863363,-9.044493726453567,2.9444389791664403,-10.200446964670922,2023-04-12
2023-04-03,0.0036920225658025885,1.363103062639553e-05,-11.20316170055867,-9.30710260242865,-8.962180661181039,2.9204697479246318,-9.830493427454618,2023-04-11
2023-03-31,0.014333327782036775,0.00020544428530730726,-8.490335678513038,-9.33146250119395,-8.946897007086791,2.928523564659441,-9.604635130636082,2023-04-10
2023-03-30,0.0056989991994829126,3.2478591875706876e-05,-10.334929397191043,-9.82968871609107,-9.01295194539321,2.9454910811847346,-8.210193222823975,2023-04-06
2023-03-29,0.014136870775047328,0.00019985111531038724,-8.517937892085024,-9.921448443008114,-9.02165860024368,2.9507349515162145,-8.140189051171532,2023-04-05
2023-03-28,-0.0015750832883885124,2.4808873653607696e-06,-12.906894253172405,-9.652675914701618,-9.096034979670282,2.994231113043872,-7.630937518429239,2023-04-04
2023-03-27,0.0016455995637674192,2.7079979242715205e-06,-12.819300969431703,-9.240467219692801,-9.05250232211313,3.025291094313483,-7.697664689994525,2023-04-03
2023-03-24,0.005623963084302019,3.1628960773591886e-05,-10.361437376905988,-9.094715130478638,-9.042635509853477,3.07915387116492,-7.722024588759826,2023-03-31
2023-03-23,0.0029800838691826925,8.880899867362887e-06,-11.631607669679644,-8.944231195516641,-9.053902598324738,3.1183923132846396,-8.22025080365693,2023-03-30
2023-03-22,-0.016600248639841553,0.00027556825490456134,-8.19667521085621,-8.572017764264176,-8.90905332388797,3.1027913561296017,-8.31201053057397,2023-03-29
2023-03-21,0.012898647518557738,0.00016637510780799568,-8.701265633267266,-8.84547773999763,-9.003464608819602,3.0624558663436994,-8.043238002267485,2023-03-28
2023-03-20,0.0088788696359412,7.883432601203862e-05,-9.448162046660793,-8.714600021730911,-8.99375098501364,3.1842843643027336,-7.63102930725868,2023-03-27
2023-03-17,-0.011080621273952929,0.00012278016781677823,-9.005115055157109,-8.812497419662867,-9.020144636867945,3.23907054112596,-7.485277218044519,2023-03-24
2023-03-16,0.01740957624903139,0.0003030933451708378,-8.101469730027931,-8.698454776890289,-9.06735502321512,3.1350593288193775,-7.334793283082525,2023-03-23
2023-03-15,-0.007005363929353692,4.9075123782689794e-05,-9.922158295488277,-8.646994524908296,-9.138163189719469,3.2634666848467426,-6.962579851830064,2023-03-22
2023-03-14,0.016342388235363714,0.0002670736532353543,-8.227986082790906,-8.702085746622087,-9.157060652421706,3.1667400511571677,-7.2360398275635145,2023-03-21
2023-03-13,-0.0015109018407386543,2.282824372347454e-06,-12.990097121826285,-8.736984619259356,-9.241746667793473,3.2778991825787354,-7.105162109296797,2023-03-20
2023-03-10,-0.014583969436067434,0.00021269216451214908,-8.455664674649372,-8.739243280754671,-9.186156101769685,3.2108436224072485,-7.203059507228751,2023-03-17
2023-03-09,-0.018631857945480945,0.0003471461305005814,-7.965764741303907,-8.685868196979236,-9.208181237797826,3.1183923132846396,-7.089016864456176,2023-03-16
2023-03-08,0.0014137941356029415,1.9988138578652687e-06,-13.122956624407905,-9.106531758301811,-9.35929016454329,2.9502117901910383,-7.037556612474184,2023-03-15
2023-03-07,-0.015445590479263416,0.00023856626525311267,-8.340863444494616,-9.070353523182945,-9.304707392805007,2.97501923974552,-7.092647834187974,2023-03-14
2023-03-06,0.0006869307788477386,4.718738949283607e-07,-14.566554058819538,-9.579063491902433,-9.317592255130016,2.9236991034511264,-7.127546706825243,2023-03-13
2023-03-03,0.016018749176483382,0.00025660032517908706,-8.267990838522874,-9.5535323787436,-9.264553555484976,2.917230033020351,-7.129805368320558,2023-03-10
2023-03-02,0.007553593731197239,5.7056778255982226e-05,-9.771463676163759,-10.076070355129337,-9.286529454030443,2.97501923974552,-7.076430284545124,2023-03-09
2023-03-01,-0.0047364642034928295,2.2434093150968962e-05,-10.704928740526944,-10.223320671723922,-9.23242376736413,3.0243197266987147,-7.497093845867691,2023-03-08
2023-02-28,-0.0030406198309478327,9.245368956353227e-06,-11.591387785175902,-10.339741131284988,-9.239992177153168,3.0301337371283013,-7.460915610748826,2023-03-07
2023-02-27,0.0030682925395524308,9.414419108273104e-06,-11.573268096295703,-9.093056387530108,-9.189499676519315,3.042138682785304,-7.969625579468302,2023-03-06
2023-02-24,-0.010593464619775617,0.00011222149265043775,-9.095036026621035,-9.096146493560942,-9.193684738818847,3.075928819068985,-7.944094466309469,2023-03-03
2023-02-23,0.005315278263237744,2.8252183015647647e-05,-10.474339828467192,-8.961844414913417,-9.244915653792988,3.0511669515702105,-8.466632442695186,2023-03-02
2023-02-22,-0.001574795485643321,2.4799808216025832e-06,-12.90725973104205,-8.994479488114546,-9.193890349797314,3.104138188471233,-8.613882759289762,2023-03-01
2023-02-21,-0.02024478397347096,0.0004098512781325066,-7.799716200332811,-8.998357202104163,-9.048971765986053,3.129826044730509,-8.730303218850821,2023-02-28
2023-02-17,-0.002771242172283195,7.67978317744088e-06,-11.776919243307278,-9.602500602622642,-9.19491378856134,2.9967317967523925,-7.483618475095988,2023-02-27
2023-02-16,-0.013884689204880729,0.00019278459431613145,-8.553937083979722,-9.611036589199266,-9.093551762650522,3.004196355748666,-7.486708581126823,2023-02-24
2023-02-15,0.002769337533075955,7.669230372103217e-06,-11.778294290239947,-10.027684357492756,-9.172919045352522,2.903068563580112,-7.352406502479298,2023-02-23
2023-02-14,-0.00028045385549368973,7.865436506127541e-08,-16.358202709156686,-9.604007735723147,-9.169316767699197,2.9396908746012023,-7.385041575680429,2023-02-22
2023-02-13,0.011383569951155081,0.0001295856648328409,-8.95116839102164,-9.208733739454807,-9.164290426161086,3.0125893981222767,-7.388919289670046,2023-02-21
2023-02-10,0.0021928557092181222,4.808616161450514e-06,-12.24510121556242,-9.410850938550839,-9.149885189256928,3.021887264476799,-7.99306269018851,2023-02-17
2023-02-09,-0.008869009831038,7.865933538304868e-05,-9.45038424023291,-9.18528371612464,-9.131422727182297,3.030616631200474,-8.001598676765134,2023-02-16
2023-02-08,-0.011142573012412171,0.00012415693333693605,-8.993964201118096,-8.952656335245639,-9.164765840697688,2.9770589655357758,-8.418246445058609,2023-02-15
2023-02-07,0.012790364037398305,0.00016359341220917187,-8.718126402276491,-8.977757350942449,-9.00983048970736,2.926382187241926,-7.994569823289015,2023-02-14
2023-02-06,-0.006159393193939877,3.793812451755288e-05,-10.179554027532363,-8.904860128125238,-9.019690774333776,2.966818279095771,-7.599295827020685,2023-02-13
2023-02-03,-0.010408592637284997,0.00010833880068894344,-9.130247197678168,-8.726562195779147,-9.012775645058893,2.908539057689369,-7.8014130261167125,2023-02-10
2023-02-02,0.014592384626853416,0.00021293768909802792,-8.454510974498739,-8.861141153431557,-9.047804133690711,2.930126492015865,-7.57584580369052,2023-02-09
2023-02-01,0.010398056296885727,0.00010811957475320492,-9.132272769663976,-9.001895612983393,-9.130935259113004,2.8831233761345922,-7.343218422811522,2023-02-08
2023-01-31,0.014536304416418844,0.00021130414608679798,-8.4622120117326,-9.194872818763766,-9.053588130182286,2.9652730464058945,-7.368319438508331,2023-02-07
2023-01-30,-0.01305356931529289,0.0001703956718691561,-8.677387343720536,-9.731228626228706,-9.079192266825986,2.9927277913169226,-7.295422215691122,2023-02-06
2023-01-27,0.0024917340217047723,6.208738434921039e-06,-11.989552833233082,-9.841046750763917,-9.142524127615003,2.9183111389507133,-7.117124283345034,2023-02-03
2023-01-26,0.010947708029114267,0.00011985231109073298,-9.029250314076366,-9.009606941697054,-9.130691064468937,2.930126492015865,-7.251703240997442,2023-02-02
2023-01-25,-0.0001817415734652883,3.3029999525638784e-08,-17.22584961190524,-9.114865966456708,-9.09277796646418,2.948640662021506,-7.392457700549276,2023-02-01
2023-01-24,-0.0007117563642928815,5.06597122111421e-07,-14.495549780185693,-8.745254451545863,-9.008425757733391,2.954910318770165,-7.585434906329645,2023-01-31
2023-01-23,0.011811315951328893,0.00013950718450211636,-8.87739445622174,-8.740711594088589,-9.008214669761376,2.986186833751468,-8.12179071379457,2023-01-30
2023-01-20,0.01874167355235201,0.0003512503275429309,-7.954011404810188,-8.908601188566049,-9.029850355013567,2.9882040263508176,-8.231608838329777,2023-01-27
2023-01-19,-0.0076676719018120565,5.879319239383812e-05,-9.741484485377205,-9.606402023345884,-9.119434833983748,3.0214000426107397,-7.400169029262936,2023-01-26
2023-01-18,-0.015684966977744352,0.0002460181890929308,-8.310105085363137,-9.336583453049567,-8.904360377964888,3.0125893981222767,-7.505428054022588,2023-01-25
2023-01-17,-0.0020325554309970073,4.13128158007543e-06,-12.396922889181882,-9.931721677953336,-8.976943538814735,2.963209113374854,-7.135816539111749,2023-01-24
2023-01-13,0.003988892144656475,1.5911260541702132e-05,-11.048483489230625,-9.94640084081946,-8.959594138908233,2.90962959528912,-7.131273681654475,2023-01-23
2023-01-12,0.0034100849120424215,1.162867910733937e-05,-11.362036174209056,-8.8269613990656,-8.896167578886304,2.9354513386173378,-7.299163276131933,2023-01-20
2023-01-11,0.012767571192293659,0.0001630108741502869,-8.72169364680425,-8.66894321503714,-8.88206228058507,3.0487990017257656,-7.996964110911752,2023-01-19
2023-01-10,0.006953997970594372,4.8358087775030645e-05,-9.936877074458717,-8.801411013960509,-8.917667761001814,3.0243197266987147,-7.7271455406154415,2023-01-18
2023-01-09,-0.0007679273259917352,5.897123780048167e-07,-14.34363091381801,-8.845262271647846,-8.933009767738369,3.08967785514274,-8.322283765519192,2023-01-17
2023-01-06,0.022583835589031764,0.0005100296299124178,-7.581041736066033,-8.83712940321792,-8.863243556115316,3.0506937919103403,-8.336962928385317,2023-01-13
2023-01-05,-0.011713869136457333,0.00013721473014604766,-8.893963485854917,-9.179183257881153,-8.924171939966826,3.1117359085477254,-7.217523486631486,2023-01-12
2023-01-04,0.007510694562139264,5.641053280574831e-05,-9.782854665021251,-9.16181484096516,-8.971641750352289,3.091496905937363,-7.0595053026030286,2023-01-11
2023-01-03,-0.004008572481273731,1.6068653337625038e-05,-11.038640181500671,-9.240971447059918,-8.991769521846605,3.131136893902127,-7.191973101526395,2023-01-10
2022-12-30,-0.002543975646110752,6.471812088004618e-06,-11.948054413239513,-9.204196006256808,-8.703979380896637,3.075928819068985,-7.235824359213731,2023-01-09
2022-12-29,0.017310634314993578,0.0002996580603874332,-8.112868532081185,-8.861769863826025,-8.705057599889114,3.065258361112005,-7.227691490783807,2023-01-06
2022-12-28,-0.012093470442948728,0.00014625202735447452,-8.83017920969557,-8.98451733436497,-8.72092389029711,3.0973858997126693,-7.569745345447031,2023-01-05
2022-12-27,-0.0040578440346585865,1.6466098209614274e-05,-11.014206944717738,-9.248042544636453,-8.762504234267258,3.0750054368286497,-7.5523769285310385,2023-01-04
2022-12-23,0.005850952271915233,3.4233642488230027e-05,-10.28230169892375,-9.12067150846224,-8.757199549345978,3.0383127613015377,-7.631533534625796,2023-01-03
2022-12-22,-0.014557142498146547,0.0002119103977113443,-8.459347024939902,-8.966425652842798,-8.715408725602536,3.08967785514274,-7.594758093822685,2022-12-30
2022-12-21,0.014758548669055571,0.00021781475881688198,-8.431865586598322,-8.455968620829722,-8.771475402275206,2.999226147602677,-7.252331951391908,2022-12-29
2022-12-20,0.0010368006978893618,1.0749556871438677e-06,-13.743231118495785,-8.64255084020919,-8.83040974676225,3.0671222483295058,-7.3750794219308515,2022-12-28
2022-12-19,-0.009048328941103634,8.18722566264136e-05,-9.410350371423188,-8.585621088846874,-8.827771313015589,3.109953421046955,-7.63860463220233,2022-12-27
2022-12-16,-0.011200239946012047,0.00012544537484824396,-8.983640154318996,-8.465537676577714,-8.831875392751279,3.1188345077893618,-7.511233596028119,2022-12-23
2022-12-15,-0.0252374779018254,0.0006369302908451254,-7.358850341904532,-8.535373915849293,-8.847621942696616,3.1280754571998757,-7.356987740408681,2022-12-22
2022-12-14,-0.0060711166238363035,3.685845706022152e-05,-10.208425466060977,-9.430468938464637,-9.041155604233465,3.0511669515702105,-6.846530708395612,2022-12-21
2022-12-13,0.007263223255456808,5.2754412058608585e-05,-9.849863148184316,-9.517343220822465,-9.022995025967667,3.1157350321154516,-7.0331129277750755,2022-12-20
2022-12-12,0.014178307299649973,0.0002010243978833077,-8.51208427476744,-9.160727558165657,-8.291976207758104,3.2188758248682006,-6.976183176412762,2022-12-19
2022-12-09,-0.00737671946421159,5.441599005367812e-05,-9.81885251248249,-8.947305837404565,-8.249379418086843,3.1280754571998757,-6.856099764143604,2022-12-16
2022-12-08,0.007493634413933137,5.615455672968302e-05,-9.787402727273191,-9.032279960742253,-8.253430923745444,3.104138188471233,-6.925936003415182,2022-12-15
2022-12-07,-0.0018641072533824854,3.4748958521131934e-06,-12.569946050011556,-9.129594582639736,-8.247270948996606,3.1214834923152734,-7.821031026030509,2022-12-14
2022-12-06,-0.014503869422986426,0.0002103622282390406,-8.46667961679571,-8.133618982490509,-8.216601264791965,3.098740027069535,-7.907905308388335,2022-12-13
2022-12-05,-0.01805624963097152,0.0003260281507359592,-8.028526828374886,-8.286322532619925,-8.233075235688883,3.0325462466767075,-7.5512896457315355,2022-12-12
2022-12-02,-0.0011953746637622942,1.428920586764818e-06,-13.458591233153607,-8.355135624572911,-8.18058123472987,2.9475918702062436,-7.337867924970449,2022-12-09
2022-12-01,-0.000868009829606109,7.534410642928263e-07,-14.098615037874087,-8.356283278238463,-8.178074921125583,2.9877001095476485,-7.422842048308134,2022-12-08
2022-11-30,0.030478643521295368,0.0009289477108982001,-6.981458106097056,-8.327727667260076,-8.169172164509101,3.0243197266987147,-7.520156670205617,2022-12-07
2022-11-29,-0.001593133701623728,2.5380749912493215e-06,-12.884104641729033,-9.290253559692983,-8.224785044809902,3.086029883652105,-6.524181070056401,2022-12-06
2022-11-28,-0.015564696794065469,0.0002422597862911919,-8.325499910522495,-9.263315092076736,-8.218917716227349,3.100542596684933,-6.676884620185816,2022-12-05
2022-11-25,-0.0002830842622021379,8.013669950652875e-08,-16.339531916682724,-9.88573006001224,-8.251012879061378,3.0204248861443626,-6.745697712138802,2022-12-02
2022-11-23,0.005897266041737126,3.477774676702587e-05,-10.2665328364437,-9.849104030311926,-8.206679588743361,3.013080930634045,-6.7468453658043535,2022-12-01
2022-11-22,0.013488606269829617,0.00018194249910248687,-8.611819859804044,-9.728334590693935,-8.189379006874745,3.058237521908081,-6.718289754825966,2022-11-30
2022-11-21,-0.0038912498002758866,1.5141825008147127e-05,-11.098049775069848,-10.1717499820017,-8.130887494569711,3.1072736755834796,-7.68081564725886,2022-11-29
2022-11-18,0.004747295648158456,2.2536815971024217e-05,-10.700360320598737,-9.877420462796131,-8.123412287207698,3.1406980801031983,-7.653877179642614,2022-11-28
2022-11-17,-0.0030941046442301,9.573483549446274e-06,-11.556513411477315,-9.660777997314206,-8.120002840364997,3.175132914673135,-8.276292147578095,2022-11-25
2022-11-16,-0.008286283111873516,6.866248781012023e-05,-9.586307536828844,-7.347819580887325,-8.101905129973032,3.182626717508366,-8.239666117877784,2022-11-23
2022-11-15,0.008675376414668534,7.526215593618707e-05,-9.494533126701352,-7.238434618847608,-8.013728120410269,3.2003044765903175,-8.118896678259798,2022-11-22
2022-11-14,-0.008975940544917904,8.056750866590112e-05,-9.42641510801478,-7.250787353159401,-7.947529797219468,3.1667400511571677,-8.562312069567543,2022-11-21
2022-11-11,0.009198312304770084,8.460894925608473e-05,-9.37747051377789,-7.247697414760051,-7.876020842553606,3.1144038235984732,-8.267982550361989,2022-11-18
2022-11-10,0.05395251566479686,0.002910873946560151,-5.8393019176089425,-7.220434240280568,-7.884887100518954,3.158276231920975,-8.05134008488007,2022-11-17
2022-11-09,-0.020996784712302485,0.00044086496825477937,-7.726771923838122,-8.668236152245356,-8.310093159744419,3.261552104997157,-5.738381668453221,2022-11-16
2022-11-08,0.0055822828287599435,3.116188158026812e-05,-10.376314954308926,-8.45888628560059,-8.383743568059463,3.2402458864511954,-5.6289967064135045,2022-11-15
2022-11-07,0.009568061679360085,9.154780430003892e-05,-9.298649270746452,-8.472441903363443,-8.240295202870165,3.1925318651947063,-5.641349440725298,2022-11-14
2022-11-04,0.013526823285562983,0.00018297494819884895,-8.606161309582099,-8.507039766216403,-8.237800030729275,3.200711823163566,-5.638259502325948,2022-11-11
2022-11-03,-0.010642422531956797,0.00011326115734870172,-9.085814278818535,-8.167181900647885,-8.269029849477938,3.2308043655777645,-5.610996327846464,2022-11-10
2022-11-02,-0.025319843737483083,0.0006410944868905613,-7.352333706461225,-8.22225237295687,-8.137260396649364,3.2526973969458597,-7.058798239811242,2022-11-09
2022-11-01,-0.00410966372035837,1.6889335894429797e-05,-10.98882814737113,-8.795668849259426,-8.135405938854463,3.2507619930386347,-6.84944837316648,2022-11-08
2022-10-31,-0.007482327030336577,5.5985217788905386e-05,-9.790422870130085,-8.516782844511985,-8.10280650663889,3.2534704372048244,-6.863003990929331,2022-11-07
2022-10-28,0.024328036770855377,0.0005918533731240913,-7.432251634291787,-8.436584049063311,-8.044479816423799,3.248434627109745,-6.897601853782292,2022-11-04
2022-10-27,-0.006101185053184466,3.722445905320153e-05,-10.198544511314388,-8.476155654612576,-8.07502158798972,3.310177960991249,-6.557743988213776,2022-11-03
2022-10-26,-0.007415140398988385,5.498430713670962e-05,-9.808462738231762,-8.451040309129743,-8.07981179388453,3.3061538581455507,-6.6128144605227615,2022-11-02
2022-10-25,0.01613577001587352,0.0002603630740051629,-8.253433462580812,-8.460603554353607,-8.072055325682092,3.34849956049279,-7.186230936825312,2022-11-01
2022-10-24,0.011811940205111782,0.00013952193140913616,-8.877288754657332,-8.593026303668772,-8.065986834131147,3.396184852618166,-6.907344932077875,2022-10-31
2022-10-21,0.023447759860447448,0.0005497974424732105,-7.505960633984198,-8.131580779624326,-8.07586255431414,3.3908103067634627,-6.827146136629201,2022-10-28
2022-10-20,-0.007982686738765565,6.372328756926362e-05,-9.660960480259885,-8.115614455006602,-8.113353625463295,3.400530477405483,-6.866717742178465,2022-10-27
2022-10-19,-0.006694455239685482,4.48157309561524e-05,-10.012951342763532,-7.781190700099535,-8.103569884414796,3.4262151520783353,-6.841602396695633,2022-10-26
2022-10-18,0.01136276820708737,0.00012911250132799552,-8.954826430345953,-7.797587680227552,-8.103286835294435,3.417726683613366,-6.851165641919496,2022-10-25
2022-10-17,0.02613552455756185,0.0006830656438989186,-7.288919591886066,-7.840536840550478,-8.114946663360104,3.4458520489553246,-6.98358839123466,2022-10-24
2022-10-14,-0.02394712074452876,0.0005734645919530397,-7.463814363574547,-8.223938912714447,-8.202833449682156,3.4663607218647483,-6.522142867190217,2022-10-21
2022-10-13,0.025634259307631524,0.0006571152502508935,-7.327651135912637,-8.063534502725526,-8.30075378634471,3.463859159507518,-6.506176542572495,2022-10-20
2022-10-12,-0.0032961996501654767,1.0864932133751011e-05,-11.42997019059375,-8.494460911595157,-8.087819032207433,3.513632801901214,-6.17175278766543,2022-10-19
2022-10-11,-0.006540518412323948,4.277838110194858e-05,-10.05947769743025,-8.501115094798653,-8.073135648385508,3.5154185575129637,-6.188149767793446,2022-10-18
2022-10-10,-0.007520673133653233,5.6560524383253536e-05,-9.780199265145004,-7.885407791663387,-8.046250335530408,3.47970046666133,-6.2310989281163724,2022-10-17
2022-10-07,-0.02840319653147816,0.0008067415732057729,-7.122507172446815,-7.609966709012894,-8.048117660071961,3.4455332149449482,-6.614501000280339,2022-10-14
2022-10-06,-0.010297922911394863,0.00010604721628903126,-9.151626126340703,-7.874721796436418,-8.118256502795541,3.4183822214150656,-6.454096590291419,2022-10-13
2022-10-05,-0.0020199875589383964,4.080349738265902e-06,-12.409327853058755,-7.705788305860669,-8.131954912923941,3.3516569093790958,-6.885022999161046,2022-10-12
2022-10-04,0.030125341416800566,0.0009075361954787995,-7.004777107795523,-7.551539930291709,-8.114719523765407,3.3697067040728217,-6.891677182364543,2022-10-11
2022-10-03,0.02555457753092938,0.0006530364327842807,-7.3338776373126935,-7.972852231839822,-8.261547181648783,3.404525184428243,-6.275969879229281,2022-10-10
2022-09-30,-0.015181351546209143,0.00023047343476958673,-8.37537495262674,-8.35296901232413,-8.371470601879558,3.4537898583225464,-6.000528796578789,2022-10-07
2022-09-29,-0.021352794823098264,0.000455941846757332,-7.693145285623346,-8.293915427587768,-8.392815249826981,3.4607233657685157,-6.265283884002312,2022-10-06
2022-09-28,0.0194811441811531,0.00037951497860687523,-7.876616492587654,-8.661233007363398,-8.478945592500093,3.4071794634515578,-6.0963503934265635,2022-10-05
2022-09-27,-0.0021226109548244665,4.505477265540833e-06,-12.310216731218834,-8.760020113337943,-8.318646115886997,3.4843122415665593,-5.942102017857604,2022-10-04
2022-09-26,-0.010394360890281007,0.00010804273831740337,-9.132983683957463,-8.613253438090947,-8.283617898740276,3.4738280206677126,-6.363414319405715,2022-10-03
2022-09-23,-0.017382828767329883,0.00030216273595431135,-8.104544824946872,-8.683169889692675,-8.30169489990644,3.398527155656208,-6.743531099890019,2022-09-30
2022-09-22,-0.008463293830454077,7.162734246060204e-05,-9.544033678953127,-9.033267201111826,-8.357673588373746,3.308716542815695,-6.6844775151536595,2022-09-29
2022-09-21,-0.017264674098507626,0.0002980689717276801,-8.118185649488396,-8.940636959034139,-8.283685378740318,3.3318472953500904,-7.051795094929285,2022-09-28
2022-09-20,-0.011336114736598901,0.00012850749732133478,-8.959523310417886,-9.51645219639553,-8.30726138796922,3.3017452970723844,-7.150582200903828,2022-09-27
2022-09-19,0.00683369772470499,4.6699424592638156e-05,-9.971778714722115,-7.73182666894088,-8.330252576946464,3.248822910121317,-7.003815525656834,2022-09-26
2022-09-16,-0.007208049775663028,5.1955981568435825e-05,-9.865113706172632,-7.702995549316042,-8.32910929576346,3.269568910174614,-7.073731977258562,2022-09-23
2022-09-15,-0.011382272168150465,0.00012955611970985267,-8.951396413863796,-7.627200218104193,-8.33827351617144,3.268427621122788,-7.423829288677707,2022-09-22
2022-09-14,0.003381289078845384,1.1433115834719067e-05,-11.378996515843847,-7.663215871812124,-8.360149155181253,3.2642315207561277,-7.331199046600022,2022-09-21
2022-09-13,-0.044199163031974464,0.001953566012727058,-6.238098852011902,-7.535915446429958,-8.30654148906569,3.3057872136438435,-7.907014283961401,2022-09-20
2022-09-12,0.010528651483996398,0.00011085250207145956,-9.10731005047009,-8.83034990706812,-8.752152234954576,3.1726224755092383,-6.122388756506775,2022-09-19
2022-09-09,0.015156014981211996,0.00022970479011072246,-8.378715594717733,-8.822624946432086,-8.660741633726206,3.12632188342992,-6.093557636881937,2022-09-16
2022-09-08,0.006588966880441305,4.341448455155242e-05,-10.044717427111056,-9.178742915437033,-8.717849868029727,3.1616703769488215,-6.017762305670088,2022-09-15
2022-09-07,0.018174848666170362,0.0003303251240381946,-8.01543316416056,-9.144134201535753,-8.72955152957259,3.2043711138945574,-6.053777959378019,2022-09-14
2022-09-06,-0.004103464690896175,1.6838422469431637e-05,-10.991847231125307,-9.635375155913247,-8.826163395386548,3.29249795906851,-5.926477533995853,2022-09-13
2022-09-02,-0.010794552570724036,0.00011652236520212491,-9.057427327399646,-9.553468980804155,-8.83120121067982,3.237501262032374,-7.220911994634005,2022-09-12
2022-09-01,0.002991752267195835,8.95058162827142e-06,-11.623792041389994,-8.17177081743423,-8.793268031095197,3.241028608615061,-7.21318703399797,2022-09-09
2022-08-31,-0.007847738208154098,6.158699498372169e-05,-9.695059830107976,-8.047535453924665,-8.782621244165412,3.253084028638347,-7.569305003002912,2022-09-08
2022-08-30,-0.011089416492115589,0.00012297515813560522,-9.003528189367005,-8.08130303321431,-8.798632103435393,3.266140982404855,-7.534696289101633,2022-09-07
2022-08-29,-0.006688675197326077,4.473837589532504e-05,-10.01467890351503,-8.16065013215014,-8.775987161640327,3.266140982404855,-8.025937243479113,2022-09-06
2022-08-26,-0.03426857631703939,0.001174335322796753,-6.74705297417102,-7.901140934777183,-8.74676817770717,3.241028608615061,-7.944031068370022,2022-09-02
2022-08-25,0.013993241836107728,0.00019581081708379557,-8.53836158381777,-8.684605226307145,-8.9036000706463,3.0809921490312377,-6.562332905000121,2022-09-01
2022-08-24,0.0029119166987232603,8.47925886030337e-06,-11.67788751052907,-8.940039311695287,-8.924217641862569,3.1276373310607575,-6.438097541490557,2022-08-31
2022-08-23,-0.0022403704344373665,5.019259683501074e-06,-12.20222810854207,-8.874629067454197,-8.926525668047637,3.182626717508366,-6.471865120780202,2022-08-30
2022-08-22,-0.0216323664664948,0.00046795927894072875,-7.667129276642696,-8.87678685179616,-8.898551291602827,3.169685548621149,-6.551212219716031,2022-08-29
2022-08-19,-0.012983928713039106,0.00016858240482528134,-8.688085878309348,-9.920855348015628,-9.030581390099165,3.025291094313483,-6.291703022343076,2022-08-26
2022-08-18,0.0022669896063849393,5.139241875457342e-06,-12.178604984422874,-9.505890590070429,-9.08281994976078,2.973486637303112,-7.075167313873031,2022-08-25
2022-08-17,-0.007264114867647109,5.2767364810371776e-05,-9.849617649061527,-9.518443337003655,-8.82420243273388,2.9907197125611136,-7.3306013992611705,2022-08-24
2022-08-16,0.0018739228259470053,3.5115867576052102e-06,-12.559442554944523,-8.793635169144466,-8.818727048776305,2.980110919774326,-7.265191155020081,2022-08-23
2022-08-15,0.003961684056234205,1.5694940561420302e-05,-11.062172154780407,-8.774547274457666,-8.714308041974233,2.993229181578451,-7.267348939362043,2022-08-22
2022-08-12,0.017174046951492272,0.000294947888692061,-8.128711865730127,-8.793035083728043,-8.716157640544417,2.971951780047087,-8.311417435581484,2022-08-19
2022-08-11,-0.0007057229222020567,4.980448429214101e-07,-14.51257571794873,-9.279406719080955,-8.795479327172004,3.0056826421764384,-7.896452677636298,2022-08-18
2022-08-10,0.021067158460407853,0.00044382516559593417,-7.720079844260607,-9.279178122121179,-8.770063850051866,2.982647022410511,-7.909005424569525,2022-08-17
2022-08-09,-0.004257744235927063,1.8128385978570133e-05,-10.918031562060072,-9.850116105195298,-8.864977272148494,3.080532896273726,-7.18419725671035,2022-08-16
2022-08-08,-0.0012383171221213018,1.533429294938783e-06,-13.388003961439882,-9.75416444332721,-8.870604799941274,3.058237521908081,-7.165109362023551,2022-08-15
2022-08-05,-0.0016270690189177373,2.647353592321928e-06,-12.841950061350516,-9.732156332250025,-8.802101189723519,3.051639887455893,-7.183597171293928,2022-08-12
2022-08-04,-0.0007776424495844481,6.047277793957008e-07,-14.318487431586146,-9.224230525258866,-8.799061339349542,3.065258361112005,-7.66996880664683,2022-08-11
2022-08-03,0.015517456270091046,0.0002407914490941879,-8.331579355566314,-8.966689311501927,-8.7984888526526,3.0887671742792415,-7.669740209687055,2022-08-10
2022-08-02,-0.006684688378872039,4.468505872262689e-05,-10.015871368985493,-8.455314776693184,-8.838598183172225,3.175132914673135,-8.240678192761155,2022-08-09
2022-08-01,-0.002827076544916096,7.992361790814732e-06,-11.737024248521674,-8.374004096282592,-8.828395999154191,3.12851339146854,-8.144726530893074,2022-08-08
2022-07-29,0.014107775781754484,0.00019902933750825833,-8.522058319441115,-8.379448048806404,-8.830720993475474,3.0601145289064218,-8.122718419815888,2022-08-05
2022-07-28,0.012060319791912022,0.00014545131348318483,-8.83566914258474,-8.481277507506322,-8.765992305330174,3.1059310624354097,-7.614792612824744,2022-08-04
2022-07-27,0.025820048778628646,0.0006666749189307627,-7.313208008770769,-8.529859665794563,-8.806617625137692,3.1458749221350946,-7.357251399067809,2022-08-03
2022-07-26,-0.011610342599263745,0.00013480005527227842,-8.911717949454413,-9.55199953385307,-8.7363889156907,3.206398324987611,-6.845876864259074,2022-08-02
2022-07-25,0.0013143029733058142,1.727392305640504e-06,-13.268897624411117,-8.554636163200035,-8.749145796211375,3.1510251840880894,-6.7645661838484825,2022-08-01
2022-07-22,-0.009376287293813235,8.791476341612352e-05,-9.339142810423846,-8.485635580760396,-8.749154707990096,3.1367977436478562,-6.770010136372294,2022-07-29
2022-07-21,0.009813066689504879,9.629627785267025e-05,-9.24808089148901,-8.25031816111084,-8.616015896875275,3.1402654506970014,-6.8718395950722115,2022-07-28
2022-07-20,0.005878493941057883,3.455669101505424e-05,-10.27290936470455,-8.319490691841276,-8.639229494249303,3.1730412533806236,-6.920421753360451,2022-07-27
2022-07-19,0.027253517643730518,0.0007427542239571307,-7.205145356721362,-8.331547175176809,-8.398924790512499,3.1986731175506815,-7.94256162141894,2022-07-26
2022-07-18,-0.008398742485836053,7.053887534338756e-05,-9.559346576813557,-9.119608488521921,-8.512765781669676,3.2308043655777645,-6.945198250765924,2022-07-25
2022-07-15,0.01901923165863373,0.00036173117288477546,-7.924609238355005,-9.00923085610972,-8.5255737786858,3.1875915159360004,-6.876197668326285,2022-07-22
2022-07-14,-0.0030031388127653713,9.018842728737804e-06,-11.616194532704357,-9.902136111359805,-8.28230891485196,3.2733639957026597,-6.640880248676731,2022-07-21
2022-07-13,-0.004466864111815738,1.9952874993427402e-05,-10.822137315065007,-9.289486748484503,-8.138026950514865,3.289147866474868,-6.7100527794071665,2022-07-20
2022-07-12,-0.009286868497493828,8.624592648974327e-05,-9.35830773227256,-9.305263337952503,-8.05447533630912,3.3065203682683353,-6.7221092627427,2022-07-19
2022-07-11,-0.01159441766052538,0.00013443052088670283,-8.914463065725416,-9.508797454852834,-8.049973540679469,3.264613719457375,-7.510170576087801,2022-07-18
2022-07-08,-0.0008306163961275814,6.899235975159713e-07,-14.186684973723652,-9.576288809050935,-8.056345512806217,3.2043711138945574,-7.399792943675602,2022-07-15
2022-07-07,0.0148537231809307,0.00022063309233571804,-8.41900945180731,-9.376437914787726,-8.055038629139041,3.261168734133071,-8.292698198925661,2022-07-14
2022-07-06,0.003566795705065573,1.2722031601674217e-05,-11.272175295692966,-10.109992017148276,-8.047758550112594,3.285786513025363,-7.6800488360503785,2022-07-13
2022-07-05,0.001582875106192816,2.5054936018049184e-06,-12.897024796209873,-9.020212489314565,-8.003170116508075,3.3156395265440572,-7.695825425518379,2022-07-12
2022-07-01,0.0104985112966407,0.0001102187394456924,-9.113043626285776,-9.009749819512825,-7.99586918230232,3.284663593980715,-7.899359542418705,2022-07-11
2022-06-30,-0.008797866246368358,7.740245048898765e-05,-9.466492117805322,-8.175600572228927,-8.005441936919688,3.3572454622441756,-7.966850896616804,2022-07-08
2022-06-29,-0.0007119988201722549,5.06942319926683e-07,-14.494868607230222,-8.166684912788423,-7.936999570072298,3.3379025258712374,-7.7670000023535986,2022-07-07
2022-06-28,-0.02034867314949551,0.00041406849894499954,-7.789479141436471,-8.165847564499048,-7.888923041675383,3.344979723185491,-8.500554104714121,2022-07-06
2022-06-27,-0.0029774998903402405,8.865505596976145e-06,-11.633342587128588,-8.052389328994312,-7.92920208279492,3.2939833256644473,-7.4107745768804465,2022-07-05
2022-06-24,0.0301055397299006,0.0009063435224286235,-7.006092159957231,-8.054925891283695,-7.921954467068522,3.304319289874663,-7.400311907078706,2022-07-01
2022-06-23,0.009487072485557135,9.000454434621524e-05,-9.315650396173,-7.944083427512432,-7.995845127296905,3.3690184570349437,-6.566162659794819,2022-06-30
2022-06-22,-0.0013024200953584142,1.6962981047934207e-06,-13.287062266704439,-7.8786897364813075,-8.0080614405322,3.365570230372698,-6.557247000354315,2022-06-29
2022-06-21,0.02418247496067316,0.0005847920952235844,-7.444254166679595,-7.872058839328157,-8.003626994560147,3.407510761408632,-6.556409652064939,2022-06-28
2022-06-17,0.0021984473410121552,4.833170711203416e-06,-12.240007843729806,-7.457717774009585,-7.862397885420264,3.438171957494525,-6.442951416560206,2022-06-27
2022-06-16,-0.03305220711384038,0.0010924483950962008,-6.81933386772005,-7.194696732814667,-7.816932965710337,3.494991284102976,-6.445487978849588,2022-06-24
2022-06-15,0.014487058836534672,0.00020987487373321732,-8.468999044195256,-7.341469441967985,-7.9464698004174865,3.388449837172988,-6.334645515078325,2022-06-23
2022-06-14,-0.0037808180394893753,1.4294585047728283e-05,-11.15562976040227,-7.370301361171478,-7.9029190235132845,3.487069178726604,-6.269251824047202,2022-06-22
2022-06-13,-0.039539931990040245,0.0015634062217770078,-6.4608883625409534,-7.34659017683203,-7.904471134462972,3.526948600423438,-6.262620926894051,2022-06-21
2022-06-10,-0.0295424148114094,0.0008727542728893816,-7.0438565160995275,-8.004164555400605,-8.07716086638491,3.3232358401924436,-5.848279861575481,2022-06-17
2022-06-09,-0.024086457665156047,0.0005801574428553545,-7.452211038061676,-8.45022840706471,-8.21282082019109,3.261552104997157,-5.585258820380564,2022-06-16
2022-06-08,-0.010852623040154441,0.00011777942685169102,-9.04669694672144,-8.71242276014834,-8.135415536471184,3.176385735036591,-5.732031529533881,2022-06-15
2022-06-07,0.009478331531719064,8.983876862517986e-05,-9.317493953937237,-8.789947177193557,-8.148753484336265,3.1788868357094424,-5.760863448737375,2022-06-14
2022-06-06,0.003132489407036587,9.81248988519643e-06,-11.531854505664286,-8.858195285031565,-7.972229500887595,3.221671899997255,-5.737152264397927,2022-06-13
2022-06-03,-0.01648240560981762,0.0002716696946865473,-8.210923587368187,-8.255895822889068,-7.865337749336123,3.2104403829784154,-6.394726642966498,2022-06-10
2022-06-02,0.018263225415545037,0.0003335454025790102,-8.005731562207561,-8.170369034894316,-7.895194456344623,3.2076126048125677,-6.8407904946306,2022-06-09
2022-06-01,-0.007510905041154814,5.64136945372448e-05,-9.78279861799001,-8.36061461900992,-7.93267840262089,3.246101831910333,-7.102984847714227,2022-06-08
2022-05-31,-0.006294135193666506,3.96161378361513e-05,-10.136274001603084,-8.352038249628817,-7.779192710980034,3.265377678911282,-7.180509264759443,2022-06-07
2022-05-27,0.024441130195821614,0.000597368845249103,-7.422975804112787,-8.126525163030202,-7.720334361676784,3.24726887267247,-7.248757372597449,2022-06-06
2022-05-26,0.019688166007719943,0.00038762388074753905,-7.855475068009838,-8.644321927536467,-7.783003035291934,3.3141860046725258,-6.646457910454959,2022-06-03
2022-05-25,0.009406385648931703,8.84800909764283e-05,-9.332732991976172,-9.15731341369942,-7.737433496824235,3.3453322784024797,-6.560931122460207,2022-06-02
2022-05-24,-0.008153950903556861,6.648691533761576e-05,-9.61850539150298,-7.756865994083642,-7.743306967709728,3.3826939360038586,-6.751176706575811,2022-06-01
2022-05-23,0.018384995412059624,0.0003380080563014534,-7.992440827553909,-7.612470387909052,-7.6700673410212605,3.3492020704706125,-6.742600337194707,2022-05-31
2022-05-20,0.0001461310919914638,2.135429604661765e-08,-17.66201289753171,-7.7522489673367945,-7.681541068323242,3.3820145726149287,-6.517087250596094,2022-05-27
2022-05-19,-0.005850864777348974,3.423261864282286e-05,-10.282331606951159,-7.521977893936802,-7.681505455925643,3.3792925592713705,-7.034884015102355,2022-05-26
2022-05-18,-0.041233809291247425,0.0017002270286669626,-6.376993490561793,-7.534083113145167,-7.660103264368164,3.4326960191502294,-7.547875501265299,2022-05-25
2022-05-17,0.019968919581462075,0.00039875774925089946,-7.827156470196,-8.295573612103881,-7.839216489232817,3.261935328944346,-6.147428081649537,2022-05-24
2022-05-16,-0.003954208517722435,1.5635765001628656e-05,-11.065949639461635,-8.673419980339412,-7.868420611255052,3.313094475110986,-6.003032475474947,2022-05-23
2022-05-13,0.023589267956868554,0.0005564535627409455,-7.493926835939862,-7.875348794367654,-7.855689726996806,3.362803022744237,-6.1428110549026895,2022-05-20
2022-05-12,-0.0012968049941122217,1.6817031927543994e-06,-13.295703472891592,-8.19807867300179,-7.921713912429185,3.4585224626901017,-5.912539981502697,2022-05-19
2022-05-11,-0.01660023209569772,0.0002755677056310327,-8.19667720409769,-7.526921271833668,-7.886259410319317,3.483084583311581,-5.924645200711062,2022-05-18
2022-05-10,0.002454881760408867,6.0264444575881376e-06,-12.019353363323525,-7.328666365619521,-7.919270758801574,3.4962045361185368,-6.686135699669773,2022-05-17
2022-05-09,-0.03256151953960362,0.0010602525547279886,-6.849248140060023,-7.3234219471016715,-7.917773483983197,3.548179572010801,-7.063982067905299,2022-05-16
2022-05-06,-0.005690384413952643,3.238047477855516e-05,-10.337954947112117,-7.696851852430487,-8.04608742919501,3.407510761408632,-6.265910881933548,2022-05-13
2022-05-05,-0.036300677564099715,0.0013177391916127325,-6.631837744415711,-7.234906373539322,-8.028204866461254,3.440418119268624,-6.588640760567682,2022-05-12
2022-05-04,0.029425221557326964,0.0008658436636977795,-7.051806192606659,-7.457763661490117,-8.220102000756414,3.2355362687626434,-5.917483359399563,2022-05-11
2022-05-03,0.004825465075359858,2.3285113193517722e-05,-10.667696320321319,-7.812476303777345,-8.375876380603568,3.3758795736778655,-5.719228453185417,2022-05-10
2022-05-02,0.005659199293818418,3.202653664715488e-05,-10.348945728595535,-7.48219835961291,-8.332321594416262,3.476304858867201,-5.713984034667567,2022-05-09
2022-04-29,-0.03695915978469522,0.0013659794919906323,-6.595883531130255,-7.482107454270498,-8.330842591025393,3.5085559456676507,-6.087413939996382,2022-05-06
2022-04-28,0.024445655340832317,0.0005975900650427635,-7.422605549044965,-7.710368353207889,-8.591784749376824,3.400863985128979,-5.625468461105218,2022-05-05
2022-04-27,0.0020958490249647355,4.392583135445632e-06,-12.335593090383417,-7.894416843142197,-8.73556493242109,3.453157132664693,-5.848325749056013,2022-05-04
2022-04-26,-0.028550008928597492,0.0008151030098229965,-7.112196060289405,-7.896570248028725,-8.729604487399628,3.5121422892703165,-6.203038391343239,2022-05-03
2022-04-25,0.0056817651441125605,3.2282455152852426e-05,-10.340986659435819,-8.255791139393127,-8.918446876948815,3.296577349473713,-5.872760447178805,2022-05-02
2022-04-22,-0.02813207637736781,0.000791413721302056,-7.141689691152061,-8.280928697473849,-8.878450337435227,3.3396764925599043,-5.872669541836394,2022-04-29
2022-04-21,-0.014862855551310616,0.0002209044751391248,-8.417780189078288,-8.988178435928875,-9.122971263917007,3.1214834923152734,-6.100930440773783,2022-04-28
2022-04-20,-0.0006186664061829106,3.827481221392781e-07,-14.775888708653762,-9.157800546111204,-9.219407149076494,3.011605607691788,-6.28497893070809,2022-04-27
2022-04-19,0.015930044749387307,0.0002537663257174821,-8.27909669187498,-9.136516643084853,-9.159733582714233,3.061988108602623,-6.287132335594619,2022-04-26
2022-04-18,-0.00020488927240691623,4.197961394743552e-08,-16.986081718703034,-9.071852264107147,-9.205334327945222,3.098740027069535,-6.646353226959017,2022-04-25
2022-04-14,-0.012218480383507924,0.00014929126288216793,-8.809611375679628,-9.059728546664076,-9.005160022738037,3.122364958097024,-6.67149078503974,2022-04-22
2022-04-13,0.011112603268902177,0.00012348995141201534,-8.999350770291457,-9.315709718850854,-8.900033865477145,3.082826966418867,-7.3787405234947565,2022-04-21
2022-04-12,-0.003423300530453588,1.1718986521803816e-05,-11.354300251803343,-9.380298090933989,-8.92296030706111,3.1888289129504397,-7.548362633677084,2022-04-20
2022-04-11,-0.01702133458469568,0.00028972583104415727,-8.146575492358402,-9.079878169365172,-8.870324426325647,3.1933529020742664,-7.527078730650732,2022-04-19
2022-04-08,-0.002654546675552538,7.046618052687033e-06,-11.862962765075912,-9.581725452226918,-8.962164687826903,3.0521125997789507,-7.4624143516730275,2022-04-18
2022-04-07,0.004244365552036555,1.8014638939314574e-05,-10.92432585619018,-9.56863777641998,-8.758546988040253,3.070375781146533,-7.450290634229957,2022-04-14
2022-04-06,-0.009764433912478054,9.534416963115148e-05,-9.258017374812557,-9.061384797383628,-8.748559763726366,3.0955776257847805,-7.70627180641673,2022-04-13
2022-04-05,-0.012631159074006248,0.0001595461795528504,-8.743177150667103,-9.161877975973505,-8.54167543078719,3.045950022365369,-7.770860178499863,2022-04-12
2022-04-04,0.00805838253213409,6.493752903420382e-05,-9.642084841994956,-9.183340240642641,-8.564310519206673,2.921547358930808,-7.4704402569310515,2022-04-11
2022-04-01,0.003404420961462762,1.1590082082847036e-05,-11.365360818424833,-9.211472119083469,-8.573207704184638,2.9770589655357758,-7.972287539792785,2022-04-08
2022-03-31,-0.0157763352268816,0.0002488927531909453,-8.29848846435832,-9.183930169926349,-8.49696701146755,3.0233474146113988,-7.959199863985849,2022-04-07
2022-03-30,-0.0063135889990899585,3.986140604942975e-05,-10.13010196910458,-9.277927414311874,-8.49823852173315,2.9616582892733203,-7.451946884949509,2022-04-06
2022-03-29,0.012182044101392009,0.00014840219848825982,-8.815584412729814,-9.062005810680878,-8.50582274185747,2.939161901882013,-7.552440063539384,2022-04-05
2022-03-28,0.007119551020043247,5.0688006726998834e-05,-9.889821229058487,-9.100765916629,-8.431959073459474,2.9770589655357758,-7.57390232820852,2022-04-04
2022-03-25,0.005053380704236332,2.5536656541948087e-05,-10.575395626581422,-9.195643742968509,-8.397150978842989,3.035433614742034,-7.602034206649346,2022-04-01
2022-03-24,0.014242012281618699,0.00020283491382977787,-8.50311814214094,-9.001205457130496,-8.334679580111528,3.075928819068985,-7.574492257492228,2022-03-31
2022-03-23,-0.012348630252494885,0.0001524886691128319,-8.78842026557672,-9.089756381138862,-8.353585063795267,3.159974704000404,-7.668489501877751,2022-03-30
2022-03-22,0.01124069955407414,0.0001263533264649626,-8.976428397092675,-8.620741597925216,-8.373221248951811,3.1328821349818528,-7.452567898246759,2022-03-29
2022-03-21,-0.00043475485430199967,1.8901178333915295e-07,-15.481456478120379,-8.315083016921731,-8.309998743332761,3.158276231920975,-7.49132800419488,2022-03-28
2022-03-18,0.01159481441188781,0.00013443972124612126,-8.91439462855402,-8.270898428502525,-8.309890337196244,3.1726224755092383,-7.586205830534387,2022-03-25
2022-03-17,0.01227220506870097,0.0001506070172482498,-8.800836648410105,-8.243324378753204,-8.289722874356592,3.2453229978551543,-7.391767544696379,2022-03-24
2022-03-16,0.02213692164839287,0.0004900433000670849,-7.6210168032799315,-8.349195155556645,-8.314614419635419,3.2835393410545883,-7.480318468704743,2022-03-23
2022-03-15,0.021182629724146196,0.0004487038020302819,-7.709147571583242,-8.226981469631989,-8.337756011687189,3.3955145959690323,-7.011303685491104,2022-03-22
2022-03-14,-0.007448675095533375,5.548276067881913e-05,-9.799438203863428,-8.57830834665168,-8.359740099851734,3.4585224626901017,-6.705645104487623,2022-03-21
2022-03-11,-0.013046278933238398,0.00017020539400386002,-8.678504650177597,-7.9389021603371654,-8.330607822372574,3.4258899942525267,-6.661460516068417,2022-03-18
2022-03-10,-0.0043010499202473795,1.849903041645999e-05,-10.897792237174524,-8.00064269238916,-8.349687775358978,3.4088347936486714,-6.633886466319096,2022-03-17
2022-03-09,0.02537359812214035,0.0006438194816638844,-7.348092179128879,-7.995134632037543,-8.350600367919412,3.47970046666133,-6.739757243122536,2022-03-16
2022-03-08,-0.007260043975698238,5.270823852907228e-05,-9.850738785810133,-8.193043815044156,-8.477046346665288,3.5590554966823817,-6.617543557197881,2022-03-15
2022-03-07,-0.029962586814415104,0.0008977566086113618,-7.015611563580401,-8.063996864128965,-8.3622702290338,3.5959414793857905,-6.968870434217568,2022-03-14
2022-03-04,-0.007965684543002283,6.345213023862548e-05,-9.66522479086666,-8.90056806521471,-8.533808409499336,3.4651106930917472,-6.329464247903059,2022-03-11
2022-03-03,-0.005268520744245109,2.7757310832541033e-05,-10.492011299044687,-8.414935687777525,-8.537668549489494,3.417070715799952,-6.3912047799550535,2022-03-10
2022-03-02,0.01847104678065037,0.00034117956917297437,-7.983101623468503,-8.254584192236276,-8.4655661941162,3.425564730664717,-6.385696719603437,2022-03-09
2022-03-01,-0.015594467786611332,0.00024318742554765854,-8.321678113371556,-8.251378073177259,-8.41557345470494,3.506157808139705,-6.583605902610049,2022-03-08
2022-02-28,-0.0024455914631271725,5.980917604520504e-06,-12.02693655620131,-8.364266920032899,-8.460513745587189,3.406184910520799,-6.4545589516948585,2022-03-07
2022-02-25,0.022126080551265304,0.0004895634405610807,-7.62199650161087,-8.32576121144127,-8.46131672383994,3.3174533937597452,-7.291130152780594,2022-03-04
2022-02-24,0.014846105252724229,0.00022040684117496595,-8.42003544135342,-8.35218685146051,-8.53710129134869,3.4118075507090064,-6.805497775343416,2022-03-03
2022-02-23,-0.01858373574878769,0.0003453552343807695,-7.970937005802386,-8.558255216574954,-8.587682720543153,3.434632172505442,-6.645146279802168,2022-03-02
2022-02-22,-0.010194735435016256,0.00010393263058997608,-9.171767651513516,-8.669016272281139,-8.58298661043964,3.3607225305592063,-6.64194016074315,2022-03-01
2022-02-18,-0.007191961663865598,5.1724312574512424e-05,-9.869582624425574,-8.778538906492644,-8.57832509911747,3.3232358401924436,-6.754829007598789,2022-02-28
2022-02-17,-0.021400504136936505,0.0004579815773150364,-7.688681598862082,-8.435541959763803,-8.567970583441527,3.3361254066314094,-6.716323299007161,2022-02-25
2022-02-16,0.0008808197202831991,7.758433796397732e-07,-14.069315167494798,-8.556640264493943,-8.595494878175057,3.1900647807056135,-6.742748939026402,2022-02-24
2022-02-15,0.015643717646064204,0.00024472590178978054,-8.31537174191283,-8.36166488453644,-8.595520446571006,3.2464910215875338,-6.948817304140843,2022-02-23
2022-02-14,-0.003847990755629027,1.480703285540645e-05,-11.120408297129744,-8.523673182717621,-8.605131989125754,3.343921311149381,-7.059578359847026,2022-02-22
2022-02-11,-0.019151682638085532,0.0003667869478699468,-7.910729401993853,-8.52473405417932,-8.606843204456787,3.3090821150625205,-7.16910099405853,2022-02-18
2022-02-10,-0.01828182448505622,0.0003342251065024011,-8.003695820440337,-8.944661639919616,-8.679963205092985,3.174296775088473,-6.826104047329694,2022-02-17
2022-02-09,0.014412842079265076,0.00020773001680183403,-8.479271317534643,-8.592239615893675,-8.772990388807731,2.9937302250152134,-6.947202352059832,2022-02-16
2022-02-08,0.008366113466633962,6.999185453659413e-05,-9.567131686448644,-8.730479491098846,-8.83076621160508,3.065258361112005,-6.752226972102331,2022-02-15
2022-02-07,-0.003708580927828109,1.3753572498250397e-05,-11.194211949543986,-8.75963102769833,-8.852477025213624,3.129388685066208,-6.914235270283509,2022-02-14
2022-02-04,0.005143678439862853,2.6457427892709957e-05,-10.539973611382985,-8.402957282487186,-8.741375631139242,3.1450139466984486,-6.915296141745208,2022-02-11
2022-02-03,-0.02469347172011993,0.0006097675455923627,-7.402432746223013,-8.00242611582935,-8.748814550345596,3.1925318651947063,-7.3352237274854994,2022-02-10
2022-02-02,0.009378400448323276,8.795439496911023e-05,-9.338692116805689,-8.428608822564989,-8.92691012345375,3.095125024339581,-6.982801703459562,2022-02-09
2022-02-01,0.00683956034831823,4.677958575828699e-05,-9.970063651950333,-8.51030167933071,-8.955047070566337,3.0892225749506483,-7.121041578664733,2022-02-08
2022-01-31,0.01870982622298456,0.0003500575972942807,-7.95741285332199,-8.412729841153759,-8.968452069705002,3.2120525964474234,-7.150193115264216,2022-02-07
2022-01-28,0.024055967914735632,0.0005786895923147902,-7.45474433414135,-8.781525461823735,-9.101103167564386,3.319987320720058,-6.793519370053077,2022-02-04
2022-01-27,-0.005398635199970414,2.9145262022359593e-05,-10.443218196204906,-9.108350998118082,-9.369511415030624,3.4173987534933796,-6.392988203395244,2022-02-03
2022-01-26,-0.0014977569258860512,2.2432758090396344e-06,-13.007573345634547,-8.95148584250018,-9.28779848697212,3.4644850922520365,-6.819170910130879,2022-02-02
2022-01-25,-0.012246590556866721,0.00014997898026753714,-8.805015405237114,-8.81791390803816,-9.270150119649534,3.439135216105632,-6.900863766896598,2022-02-01
2022-01-24,0.0027679047582704897,7.661296750856418e-06,-11.779329299915924,-8.584673736396272,-9.293283172575686,3.397858467638456,-6.803291928719649,2022-01-31
2022-01-21,-0.01909599532463524,0.00036465703743849095,-7.916553269560815,-8.592179244135972,-9.15389417497791,3.3621100061766294,-7.172087549389621,2022-01-28
2022-01-20,-0.011098742304332276,0.00012318208073797493,-9.00184696599892,-8.77997721771655,-9.259589534638353,3.2422016561344913,-7.498913085683962,2022-01-27
2022-01-19,-0.009736790941460072,9.48050978376989e-05,-9.263687375489832,-8.942386698879252,-9.26737736788201,3.171784233328888,-7.342047930066063,2022-01-26
2022-01-18,-0.018559105398008313,0.0003444403931743813,-7.973589506648222,-8.96038923562454,-9.27592375493399,3.12632188342992,-7.208475995604044,2022-01-25
2022-01-14,0.0008196442695904693,6.71816728672494e-07,-14.21328025880928,-9.722431755518373,-9.31627022563049,2.954389337849604,-6.97523582396216,2022-01-24
2022-01-13,-0.014346029234399538,0.0002058085547942462,-8.488564166943108,-9.671044529012672,-9.288581038720992,3.0111133492969895,-6.982741331701859,2022-01-21
2022-01-12,0.002813792014666916,7.917425501803302e-06,-11.746444467885961,-10.719563501952424,-9.350197132769736,2.8690346681376235,-7.170539305282435,2022-01-20
2022-01-11,0.00911828645239865,8.314314782799675e-05,-9.394946763081242,-9.238477233231386,-9.308020208674137,2.912893986956671,-7.332948786445136,2022-01-19
2022-01-10,-0.0014420705375393084,2.07956743523891e-06,-13.08335064970597,-9.425066517931377,-9.323782023644277,2.9652730464058945,-7.350951323190423,2022-01-18
2022-01-07,-0.004058441082335662,1.647094401878986e-05,-11.013912697943729,-9.33437939051405,-9.320016265967125,2.9317269557786028,-8.112993843084238,2022-01-14
2022-01-06,-0.000964233740180731,9.297467057029215e-07,-13.888353647354908,-9.356252734383402,-9.133769656744665,2.9760396713327606,-8.061606616578539,2022-01-13
2022-01-05,-0.019583264304500858,0.00038350424081993746,-7.866159879017485,-9.337827418926114,-9.07845153795159,2.982140296833121,-9.110125589518226,2022-01-12
2022-01-04,-0.0006298202522039276,3.9667355008621893e-07,-14.740152186500975,-11.354030740465552,-9.210958298849658,2.827905153886959,-7.629039320797264,2022-01-11
2022-01-03,0.006353824170387767,4.03710815882038e-05,-10.117396831578118,-11.343427484319633,-9.124620187060389,2.8094027183426014,-7.815628605497251,2022-01-10
2021-12-31,-0.0026296343734735217,6.914976938153481e-06,-11.881820927899609,-10.088548683479015,-9.083388127370622,2.8460714591247,-7.724941478079925,2022-01-07
2021-12-30,-0.002994233841905114,8.965436300009858e-06,-11.622133785051798,-9.947050259233862,-8.94890233377134,2.8524390993250943,-7.746814821949276,2022-01-06
2021-12-29,0.0014009134018575509,1.962558359504096e-06,-13.141261650405065,-9.616899603950959,-8.89342187498878,2.8302678788376356,-7.72838950649199,2022-01-05
2021-12-28,-0.0010106653988870562,1.0214445485075325e-06,-13.794292708540517,-8.961088579414616,-8.732752055611455,2.8644840391405775,-9.74459282803127,2022-01-04
2021-12-27,0.013744051573606697,0.0001888989536579607,-8.574298322604175,-8.776363717999963,-8.731560631231249,2.8724340744705708,-9.733989571885354,2022-01-03
2021-12-23,0.006204412685251626,3.849473676891129e-05,-10.164989033316836,-8.8886511348769,-8.785408267032965,2.888147011898142,-8.479110771044864,2021-12-31
2021-12-22,0.010128728029126677,0.00010259113148801638,-9.184759066702194,-8.83416072851533,-8.793836363108099,2.924773139566078,-8.337612346799718,2021-12-30
2021-12-21,0.01762175538519628,0.0003105262628556941,-8.077242077701632,-8.635154324029992,-8.824460334959968,3.0449985257508563,-8.007461691516827,2021-12-29
2021-12-20,-0.011453398323256536,0.00013118033315117565,-8.938937592452758,-8.972213353674515,-8.921446578890588,3.129826044730509,-7.351650666980499,2021-12-28
2021-12-17,-0.010340964584054646,0.00010693554852867248,-9.143284255187455,-9.049083401314686,-8.964725514783627,3.0713034462529065,-7.16692580556585,2021-12-27
2021-12-16,-0.008781863311112303,7.712112321506036e-05,-9.470133343257409,-9.077770294372376,-8.998003162536598,3.0238336888289017,-7.279213222442785,2021-12-23
2021-12-15,0.016216267351891744,0.0002629673268280301,-8.24348076609706,-9.12288080285995,-9.026761445564505,2.959586874378878,-7.224722816081217,2021-12-22
2021-12-14,-0.0074987228546241624,5.623084445046275e-05,-9.7860451179806,-9.74743659474573,-9.110023460614828,3.086029883652105,-7.02571641159588,2021-12-21
2021-12-13,-0.009178158342793452,8.423859056538905e-05,-9.381857421458614,-8.938695693505549,-9.133287080930236,3.0111133492969895,-7.362775441240398,2021-12-20
2021-12-10,0.009503769118209604,9.032162745223456e-05,-9.312133619549213,-8.862733246166135,-9.140048999342177,2.9279886500419825,-7.439645488880567,2021-12-17
2021-12-09,-0.007206988232523415,5.1940679383730975e-05,-9.865408271650969,-8.888978393094218,-9.173671701390864,3.071766956294588,-7.468332381938258,2021-12-16
2021-12-08,0.0030805355865854978,9.489699500219656e-06,-11.565303610731066,-8.696056156805025,-9.19634102180446,2.9907197125611136,-7.51344289042583,2021-12-15
2021-12-07,0.02049560318625332,0.00042006974996835724,-7.7750897891219495,-8.549719607359176,-9.194374230531098,3.086029883652105,-8.137998682311595,2021-12-14
2021-12-06,0.011662599309685717,0.00013601622265828177,-8.902736395089951,-8.60668454397402,-9.392978276783928,3.302481419950951,-7.3292577810714326,2021-12-13
2021-12-03,-0.008484455141738678,7.198597905217589e-05,-9.539039193298063,-8.568115347918654,-9.445937740980092,3.4232849806137358,-7.2532953337320185,2021-12-10
2021-12-02,0.014094638396057846,0.00019865883151562808,-8.523921619024483,-8.175897357487113,-9.480166683045605,3.3304172268976893,-7.279540480660103,2021-12-09
2021-12-01,-0.01188554145795706,0.00014126609574881605,-8.864865242225775,-8.323799635802633,-9.603852945805333,3.4378507262778446,-7.086618244370911,2021-12-08
2021-11-30,-0.019143381187848973,0.00036646904330328995,-7.911596505953185,-8.445025402635451,-9.701045050715964,3.3028492782860717,-6.940281694925066,2021-12-07
2021-11-29,0.013113836082823127,0.0001719726968071538,-8.66817483324456,-8.847614248352091,-9.925516405700304,3.1337535315764806,-6.997246631539906,2021-12-06
2021-11-26,-0.022987011159321113,0.0005284026820387534,-7.545651909555417,-9.117565407588407,-10.071682064038578,3.3541058034516236,-6.958677435484543,2021-12-03
2021-11-24,0.0022912237766679056,5.24970639476834e-06,-12.157338407730622,-11.971070280094551,-10.903626114110706,2.922085729279452,-6.566459445053004,2021-12-02
2021-11-23,0.001655761383194232,2.741545758077276e-06,-12.806988651350746,-11.923628468193312,-10.862020804035803,2.9642415631585224,-6.714361723368524,2021-12-01
2021-11-22,-0.003202258316960638,1.0254458328543577e-05,-11.48779798806475,-11.611639080587631,-10.86579733805412,2.9533465610374146,-6.83558749020134,2021-11-30
2021-11-19,-0.0013996446049873157,1.959005020270099e-06,-13.143073856335374,-11.868293725755995,-10.86891020451311,2.885359207552917,-7.238176335917976,2021-11-29
2021-11-18,0.003379064740171245,1.1418078518268562e-05,-11.380312623736396,-10.983719229051152,-10.842020371479357,2.8673305674241623,-7.5081274951542865,2021-11-26
2021-11-17,-0.0026050154828958227,6.786105666126957e-06,-11.900633320528806,-11.124070831707211,-10.747112023916698,2.8396631235763143,-10.361632367660116,2021-11-24
2021-11-16,0.003857779057126365,1.4882459253602784e-05,-11.115327269795769,-10.518168227312772,-10.737511178098686,2.7954504426495905,-10.314190555758893,2021-11-23
2021-11-15,-1.0739878016252646e-05,1.1534497980398688e-10,-22.883093653677744,-10.537571181266859,-10.656407808110417,2.8027541226914687,-10.002201168153297,2021-11-22
2021-11-12,0.0071966975641295505,5.179245582954821e-05,-9.868266059661636,-10.531651173426729,-10.216523505901487,2.7905514788157535,-10.258855813321594,2021-11-19
2021-11-11,0.0005507883329887164,3.0336778775648916e-07,-15.008319946543624,-10.866008756113677,-10.27105066692627,2.871302186535503,-9.374281316616926,2021-11-18
2021-11-10,-0.008259842163861109,6.822499257189776e-05,-9.592699600246423,-10.701154671689924,-10.263788290315542,2.930126492015865,-9.514632919272968,2021-11-17
2021-11-09,-0.0035049109263987077,1.2284400601989047e-05,-11.307180344228335,-10.972351740816954,-10.291220882511906,2.87807426870474,-8.908730314878593,2021-11-16
2021-11-08,0.0008873940607010411,7.87468218967483e-07,-14.05444282392767,-10.958344368305415,-10.302829313818629,2.8460714591247,-8.92813326883268,2021-11-15
2021-11-05,0.0037258500452850285,1.388195855995045e-05,-11.184920506215548,-10.93062540179752,-10.215282949421612,2.8021474967044036,-8.92221326099255,2021-11-12
2021-11-04,0.004173222342817695,1.7415784722592813e-05,-10.958133595006862,-11.050222027302706,-10.211710561854288,2.7369615174193824,-9.256570843679468,2021-11-11
2021-11-03,0.00644049461288887,4.1479970858650554e-05,-10.090299877142959,-10.364406621419127,-10.10368991370464,2.714694769083774,-9.09171675925573,2021-11-10
2021-11-02,0.0036736071203886667,1.3495389274970311e-05,-11.2131624660437,-10.470221975099705,-9.969441459169037,2.774462009456489,-9.36291382838273,2021-11-09
2021-11-01,0.0017984589459025813,3.234454580097024e-06,-12.64165024388682,-10.5447707827123,-9.861780066308672,2.79789089580353,-9.348906455871195,2021-11-08
2021-10-29,0.0019474372317169752,3.792511771477476e-06,-12.482482021845225,-10.408606919488944,-9.746357022306352,2.788708118196038,-9.321187489363302,2021-11-05
2021-10-28,0.009781288424184353,9.567360323708283e-05,-9.25456812579662,-10.426267816869816,-9.74739397144711,2.805176953372285,-9.440784114868473,2021-11-04
2021-10-27,-0.005064370371105298,2.5647847255729212e-05,-10.5710509175215,-11.306036349125346,-9.520417972101148,2.83203615392421,-8.75496870898496,2021-11-03
2021-10-26,0.0018181414322437917,3.305638267641506e-06,-12.619880981478255,-11.528637221036288,-9.531585493348476,2.771337911692091,-8.860784062665529,2021-11-02
2021-10-25,0.004736959440853283,2.2438784744289052e-05,-10.704719634556602,-10.818030086062702,-9.532321693964644,2.723923535240007,-8.935332870278119,2021-11-01
2021-10-22,-0.0010731292246628499,1.1516063328254893e-06,-13.674352779069734,-10.935335716746048,-9.457979722693779,2.73631368615315,-8.799169007054775,2021-10-29
2021-10-21,0.002991393168359835,8.948433087709892e-06,-11.624032115003647,-10.460861973147153,-9.407668158151624,2.7087166608939937,-8.816829904435645,2021-10-28
2021-10-20,0.003657333598560797,1.3376089051161668e-05,-11.22204184411107,-9.383534153966641,-9.412267781640233,2.740194639652674,-9.696598436691074,2021-10-27
2021-10-19,0.007366142784235308,5.426005951774189e-05,-9.82172215383505,-9.393736221036706,-9.267602142328212,2.753660700205545,-9.919199308601971,2021-10-26
2021-10-18,0.003369087801804227,1.1350752616266038e-05,-11.386226506432084,-9.517370547410318,-9.253497658186156,2.7917783838887393,-9.208592173628496,2021-10-25
2021-10-15,0.00743252063718991,5.5242363022253904e-05,-9.803780452962043,-9.423712185395235,-9.25775000227226,2.7911650610066143,-9.325897804311829,2021-10-22
2021-10-14,0.016919162285711664,0.00028625805245024793,-8.158616872660929,-9.560309708942581,-9.250170866572711,2.824943988774869,-8.85142406071298,2021-10-21
2021-10-13,0.003017955870230793,9.108057634660502e-06,-11.60635108186663,-10.524193960959044,-9.377655990919138,2.925309776513262,-7.774096241532516,2021-10-20
2021-10-12,-0.002419705686554252,5.854975609542984e-06,-12.048218726671694,-10.468789149516663,-9.379773936392082,2.9882040263508176,-7.78429830860258,2021-10-19
2021-10-11,-0.006889441644339911,4.7464406170765016e-05,-9.955530471595427,-9.920418026518888,-9.350982008257345,2.995732273553991,-7.907932634976189,2021-10-18
2021-10-08,-0.0019155566024213755,3.6693570970801235e-06,-12.515494089150561,-9.513641410419597,-9.364760285010165,2.9322598749864657,-7.814274272961109,2021-10-15
2021-10-07,0.008264039225066355,6.829434431343533e-05,-9.591683601354463,-9.218228569854118,-9.365783743416355,2.972463693468645,-7.9508717965084506,2021-10-14
2021-10-06,0.004094399349623856,1.6764106034200257e-05,-10.996270502808098,-9.076987977630745,-9.396367111171228,3.044522437723423,-8.914756048524865,2021-10-13
2021-10-05,0.010469517498600922,0.0001096107966535109,-9.118574678689786,-9.10234612053492,-9.40552544922141,3.058707036896625,-8.859351237082489,2021-10-12
2021-10-04,-0.013070952048643392,0.00017084978745793487,-8.674725823431052,-8.655636715196737,-9.463270833877782,3.1337535315764806,-8.310980114084746,2021-10-11
2021-10-01,0.011425952113334858,0.00013055238169622132,-8.94373601942966,-8.863080258277424,-9.56857792366241,3.0492730585611545,-7.904203497985468,2021-10-08
2021-09-30,-0.011981202945015923,0.00014354922400965824,-8.848832557126489,-9.063349932095075,-9.656012852295305,3.1415626953890583,-7.608790657419997,2021-10-07
2021-09-29,0.0015679543362843162,2.4584808006727907e-06,-12.915966959491275,-9.060014677153266,-9.748986213667617,3.1161784029570914,-7.467550065196626,2021-10-06
2021-09-28,-0.020574317739892933,0.0004233025504620731,-7.7674233852675645,-8.92003827741018,-9.692621565141877,3.1463051320333655,-7.4929082081008,2021-10-05
2021-09-27,-0.0027802439201884965,7.7297562557451e-06,-11.770433228107231,-9.92053788425797,-10.030239497752026,2.9317269557786028,-7.046198802762625,2021-10-04
2021-09-24,0.0014599428113637458,2.131433012452678e-06,-13.058716028655745,-9.149727825132628,-10.033145278295956,2.8763855159214247,-7.253642345843308,2021-10-01
2021-09-23,0.012061680369937378,0.0001454841333465327,-8.835443526463743,-9.00677475476254,-10.033039251447265,2.924773139566078,-7.453912019660957,2021-09-30
2021-09-22,0.009474585224218401,8.976776517097765e-05,-9.31828460955984,-9.272623446178235,-10.112084621297532,3.0383127613015377,-7.450576764719147,2021-09-29
2021-09-21,-0.0008126886585468895,6.604628557307428e-07,-14.230324951157733,-9.312936981564905,-10.139352412102404,3.1929424678971787,-7.3106003649760645,2021-09-28
2021-09-20,-0.017123077726381553,0.00029319979082370406,-8.134656301377325,-9.24327759463765,-10.138297777614113,3.2468799856680213,-8.311099971823827,2021-09-27
2021-09-17,-0.009152630275798046,8.377064096545502e-05,-9.387427958336184,-10.148005505204875,-10.364979236888573,3.035433614742034,-7.540289912698507,2021-09-24
2021-09-16,-0.001552344712765219,2.4097741072501305e-06,-12.935977546286257,-10.276861678089682,-10.414594945081076,2.9279886500419825,-7.397336842328422,2021-09-23
2021-09-15,0.008438294222079534,7.120480937838085e-05,-9.5499501943784,-10.172665240903287,-10.407886622432114,2.9003221055356794,-7.663185533744112,2021-09-22
2021-09-14,-0.005763213966258007,3.321463522087135e-05,-10.312519959268618,-10.624721695030212,-10.516933908129067,2.968361029711232,-7.70349906913078,2021-09-21
2021-09-13,0.0022739003463705387,5.170622785224056e-06,-12.172517415340206,-10.820853467240788,-10.544324398542699,2.963725520745357,-7.633839682203529,2021-09-20
2021-09-10,-0.007752552286277137,6.010206695146086e-05,-9.71946632514327,-10.872818364755998,-10.550460444102095,3.042138682785304,-8.53856759277072,2021-09-17
2021-09-09,-0.004616247150002195,2.130973774990339e-05,-10.756346418362913,-11.668648343273835,-10.658754510532226,2.933856829254017,-8.66742376565552,2021-09-16
2021-09-08,-0.0013194368138158552,1.7409135056525357e-06,-13.261100579255242,-12.353311378143694,-10.699073873473246,2.888147011898142,-8.563227328469132,2021-09-15
2021-09-07,-0.0034013524523217598,1.156919850491525e-05,-11.367164292717828,-12.349534009180651,-10.696939155161113,2.8981194110402666,-9.015283782596025,2021-09-14
2021-09-03,-0.00033508726118114396,1.1228347260588018e-07,-16.002239157841572,-12.0730585392953,-10.649288006196597,2.79789089580353,-9.211415554806582,2021-09-13
2021-09-02,0.002838605754405421,8.05768262894357e-06,-11.728884557805513,-10.767745905795865,-10.609008318981273,2.79789089580353,-9.263380452321787,2021-09-10
2021-09-01,0.00031164006095174557,9.71195275900077e-08,-16.147323373835608,-10.54661347826375,-10.50641676216546,2.779440235075385,-10.059210430839489,2021-09-09
2021-08-31,-0.001350026915892144,1.8225726736332543e-06,-13.215261498065335,-10.510585008484114,-10.500940947576936,2.8021474967044036,-10.743873465709102,2021-09-08
2021-08-30,0.004297324106874001,1.846699447952043e-05,-10.899525501438124,-10.507570362023237,-10.456408567538663,2.7843938006764253,-10.740096096746063,2021-09-07
2021-08-27,0.0087690715404527,7.689661568157749e-05,-9.473048691763411,-10.176780889110674,-10.457751770640224,2.796671355516472,-10.463620626860829,2021-09-03
2021-08-26,-0.005841949827603443,3.41283777882359e-05,-10.285381326552177,-10.237170381844859,-10.587436487442554,2.935982277247362,-9.158307993361664,2021-09-02
2021-08-25,0.0022176574032517493,4.918004358197292e-06,-12.222607727997975,-10.437792350271875,-10.608953505993558,2.8207835256175806,-8.937175565829568,2021-09-01
2021-08-24,0.0014946188019617779,2.2338853631776604e-06,-13.011768173236563,-9.870498179532621,-10.607586083535711,2.8460714591247,-8.901147096049936,2021-08-31
2021-08-23,0.008487667984411473,7.204050781360353e-05,-9.538281988630787,-9.700191621790427,-10.439364851136547,2.841998151368816,-8.89813244958906,2021-08-30
2021-08-20,0.008108603890741861,6.574945705695405e-05,-9.629659144629407,-9.939449890545854,-10.550984484123477,2.921008698583398,-8.567342976676517,2021-08-27
2021-08-19,0.0012559032561583194,1.5772929888290694e-06,-13.359800478508783,-10.243170608458003,-10.548170104725253,3.075928819068985,-8.627732469410699,2021-08-26
2021-08-18,-0.010806652845255726,0.00011678374571787369,-9.055186660628637,-10.159447999099752,-10.219193433886618,3.0713034462529065,-8.828354437837703,2021-08-25
2021-08-17,-0.007085743507136755,5.020776104893068e-05,-9.899340940647996,-11.063317802007457,-10.059275631857588,2.885359207552917,-8.26106026709848,2021-08-24
2021-08-16,0.002617422261993241,6.850899297577813e-06,-11.891130629989243,-12.052098305927057,-10.051805568207733,2.780060789140106,-8.090753709356292,2021-08-23
2021-08-13,0.001606016320923942,2.5792884230740744e-06,-12.867997002081994,-12.281016768344013,-10.04777926005575,2.737608990998456,-8.330011978111708,2021-08-20
2021-08-12,0.00413780773547856,1.712145285578621e-05,-10.975178327779721,-12.271468396253574,-10.04906531742239,2.7466296928572342,-8.633732696023843,2021-08-19
2021-08-11,0.0012749307180150993,1.6254483357384965e-06,-13.329726881319683,-11.68380980668718,-10.054030271505429,2.783157678307256,-8.550010086665598,2021-08-18
2021-08-10,0.0009921869538640493,9.84434951418021e-07,-13.831198013759096,-11.296535022283742,-10.04326254275372,2.8207835256175806,-9.453879889573221,2021-08-17
2021-08-09,-0.0009403502649565354,8.842586208038263e-07,-13.938516259624969,-10.574144067101333,-9.920636352883,2.8166055665892396,-10.442660393492595,2021-08-16
2021-08-06,0.0016738645485290249,2.8018225268222765e-06,-12.7852404500917,-10.554639959500403,-9.855272061710343,2.781920026048249,-10.671578855909457,2021-08-13
2021-08-05,0.005987485990420538,3.584998848548221e-05,-10.236167312104687,-10.369062971875923,-9.847984426596424,2.8495498031123385,-10.662030483819024,2021-08-12
2021-08-04,-0.004643150661296502,2.1558848063498146e-05,-10.744724242687695,-10.4925554912252,-9.875672770222643,2.8887036625848097,-10.07437189425283,2021-08-11
2021-08-03,0.008169961338918341,6.674826827942037e-05,-9.614582204399921,-10.661178373900869,-9.845819925929757,2.892591565384329,-9.687097109849471,2021-08-10
2021-08-02,-0.00184450567006067,3.402201166885961e-06,-12.591087933791162,-11.137907581882653,-9.88041528190998,2.968361029711232,-8.96470615466715,2021-08-09
2021-07-30,-0.005420713608261352,2.93841360227898e-05,-10.435055620312857,-11.107326265645037,-9.881873722775639,2.903616972097839,-8.945202047066221,2021-08-06
2021-07-29,0.0041973318452726005,1.7617594619339492e-05,-10.946612461001065,-10.430974760687048,-9.908292926577145,2.8735646826837065,-8.759625059441754,2021-08-05
2021-07-28,-0.00018627923155278836,3.4699952107897344e-08,-17.176527530170418,-10.527387482886082,-9.919565334003483,2.907447329518881,-8.883117578791024,2021-08-04
2021-07-27,-0.004723583382176599,2.2312239968374923e-05,-10.71037515257076,-10.12015267269337,-9.909435022928681,2.963209113374854,-9.051740461466679,2021-08-03
2021-07-26,0.00237936692272811,5.661386952972636e-06,-12.081841651072917,-9.419940514393787,-9.899187381834496,2.866761887917216,-9.528469669448405,2021-08-02
2021-07-23,0.0100943323862559,0.00010189554632421472,-9.191562325028187,-8.9392605939853,-9.903256887303982,2.844909428176351,-9.497888353210795,2021-07-30
2021-07-22,0.00201463920924283,4.058771143418576e-06,-12.414630304200497,-9.009753207899648,-9.974607987759079,2.8729995383614964,-8.821536848252876,2021-07-29
2021-07-21,0.008208041662143728,6.737194792748717e-05,-9.605281829538734,-8.998980646618856,-9.805058694562964,2.885359207552917,-8.917949570451903,2021-07-28
2021-07-20,0.015048806004799076,0.00022646656217007672,-8.39291325232751,-9.112013152466776,-9.720448478826968,2.982140296833121,-8.510714760259217,2021-07-27
2021-07-19,-0.015996781399984172,0.00025589701515887957,-8.27073547895847,-9.603066200881477,-9.908344025353694,3.1135153092103742,-7.81050260195966,2021-07-26
2021-07-16,-0.007567415006812794,5.7265769885335484e-05,-9.767807496948695,-10.886136739739438,-10.140378994639551,2.915064411838267,-7.3298226815511835,2021-07-23
2021-07-15,-0.0032675735627449853,1.0677036987949956e-05,-11.447415198509807,-10.336820878350881,-10.203642315134294,2.8338014198634927,-7.400315295465529,2021-07-22
2021-07-14,0.001164256565468591,1.3554933502367197e-06,-13.511345073783856,-10.007370904912355,-10.212751283568462,2.7930039023103626,-7.389542734184739,2021-07-21
2021-07-13,-0.003523011181165714,1.2411607782618639e-05,-11.296878411730903,-9.964418521121264,-10.209741743203862,2.8402474197342373,-7.502575240032657,2021-07-20
2021-07-12,0.003445232695593603,1.1869628326787163e-05,-11.34152766181379,-10.000409895547175,-10.198528878765092,2.783157678307256,-7.993628288447346,2021-07-19
2021-07-09,0.01121482590241385,0.00012577232002145263,-8.981037269534417,-9.823312384219884,-10.209007977742633,2.7837759304916423,-9.276698827305225,2021-07-16
2021-07-08,-0.008597881009555053,7.392355785446742e-05,-9.512479000641013,-10.276172338479874,-10.37761289990293,2.9444389791664403,-8.727382965916716,2021-07-15
2021-07-07,0.003353346553662817,1.1244933108962293e-05,-11.39559292108449,-10.819191494975763,-10.490827949225677,2.785011289333365,-8.397932992478207,2021-07-14
2021-07-06,-0.002023902770021735,4.096182422501652e-06,-12.40545513447523,-10.93754142797897,-10.388148890425935,2.79971742211329,-8.354980608687118,2021-07-13
2021-07-02,0.007472095894691222,5.583221705946141e-05,-9.793159488531995,-10.923571645986742,-10.374778459694404,2.7127059923878543,-8.39097198311303,2021-07-12
2021-07-01,0.005208041432254618,2.7123695560080728e-05,-10.51510283721095,-11.610207975002547,-10.456281749829285,2.739548838590284,-8.213874471785745,2021-07-09
2021-06-30,0.0013272784229076962,1.7616680119163411e-06,-13.249249463687196,-11.477235966993831,-10.499684972535299,2.761906869073341,-8.666734426045712,2021-07-08
2021-06-29,0.0002772977426861445,7.68940380988312e-08,-16.38083749141385,-11.488626921716442,-10.501619113837407,2.773837970214724,-9.209753582541557,2021-07-07
2021-06-28,0.0023122888604731884,5.346679774268396e-06,-12.139034792650563,-11.07752118608457,-10.499505877015894,2.757475098952692,-9.328103515544752,2021-07-06
2021-06-25,0.0033250631646861706,1.1056045049152812e-05,-11.412533216313324,-9.844138919643814,-10.502531129934926,2.748552137084977,-9.314133733552525,2021-07-02
2021-06-24,0.005794429545916913,3.3575413762594875e-05,-10.30171649209867,-9.364027462795205,-10.51339568619674,2.7707119789475727,-10.000770062568215,2021-07-01
2021-06-23,-0.0010838705186486663,1.174775301195729e-06,-13.65443366168043,-9.445089324442991,-10.41214233953276,2.7923913308364643,-9.867798054559525,2021-06-30
2021-06-22,0.005111406378990324,2.6126475171182976e-05,-10.552561383390834,-9.376582175732647,-10.412989077299866,2.8130106275797595,-9.879189009282134,2021-06-29
2021-06-21,0.013905163512319518,0.00019335357230434208,-8.550990064238137,-9.430116317850137,-10.293187551045559,2.884241863403715,-9.468083273650334,2021-06-28
2021-06-18,-0.013211355687284154,0.00017453991909593538,-8.65335707975657,-10.071741827918519,-10.578041939346628,3.0301337371283013,-8.234701007209674,2021-06-25
2021-06-17,-0.00043581054367258787,1.8993082997619663e-07,-15.476605883826076,-11.72281173229605,-10.777614361550587,2.8763855159214247,-7.7545895503610796,2021-06-24
2021-06-16,-0.005404703747025508,2.9210822593111564e-05,-10.440971280608476,-11.299638431229788,-10.764136617602524,2.898670539693244,-7.835651412008863,2021-06-23
2021-06-15,-0.0020137199542773487,4.055068054254767e-06,-12.415543087737538,-11.841186774893357,-10.421557922462783,2.8343891500408605,-7.767144263298522,2021-06-22
2021-06-14,0.0018135563851373604,3.2889867620724897e-06,-12.624931015675005,-11.959703294149449,-10.22496826391729,2.796671355516472,-7.82067840541601,2021-06-21
2021-06-11,0.0019465389328079397,3.7890138169370728e-06,-12.483404779342463,-12.046316703300578,-9.764171447734185,2.7504708926110997,-8.462303915484368,2021-06-18
2021-06-10,0.00464145477646305,2.154310244195166e-05,-10.745454864947815,-10.791200931402932,-9.708712261947314,2.778819295684189,-10.113373819861687,2021-06-17
2021-06-09,-0.001825532590615353,3.332569239398802e-06,-12.611767008095493,-10.875594569093206,-9.644591675953762,2.884241863403715,-9.690200518795516,2021-06-16
2021-06-08,0.00017500954944082991,3.062834239548229e-08,-17.301340034592478,-10.888814241954224,-9.60967596874508,2.8373225189284472,-10.231748862458964,2021-06-15
2021-06-07,-0.0007970562694215033,6.352986966241241e-07,-14.269170560267208,-10.8865465386062,-9.5658550206141,2.7985001086706855,-10.350265381715019,2021-06-14
2021-06-04,0.008795303383015707,7.735736159928754e-05,-9.46707481289092,-10.887023164804729,-9.565946337814111,2.7985001086706855,-10.436878790866118,2021-06-11
2021-06-03,-0.0036353030560487554,1.321542830931742e-05,-11.234125599588186,-12.562996908374389,-9.58722489591221,2.892591565384329,-9.181763018968729,2021-06-10
2021-06-02,0.0014458890369013488,2.09059510703151e-06,-13.078061792311889,-13.37133127884598,-9.590998350241577,2.861057344039536,-9.266156656658994,2021-06-09
2021-06-01,-0.0004924547586302452,2.425116892975731e-07,-15.232215924441654,-13.099437759434755,-9.558252775238618,2.8848006915355513,-9.27937632952001,2021-06-08
2021-05-28,0.0007685864528870212,5.907251355614533e-07,-14.341915011377623,-10.749709000163174,-9.529582378598265,2.818995108710371,-9.277108626171987,2021-06-07
2021-05-27,0.001164636089862725,1.3563772218107373e-06,-13.510693219956888,-10.749483161437164,-9.529504309131864,2.817801051388579,-9.277585252370516,2021-06-04
2021-05-26,0.0018750575506114586,3.5158408181050426e-06,-12.558231852742718,-10.048910563681776,-9.530324093742518,2.854168744390704,-10.953558995939684,2021-06-03
2021-05-25,-0.002127545400828268,4.526449432585515e-06,-12.305572715509308,-10.025259721084339,-9.530540074286757,2.935982277247362,-11.761893366410524,2021-06-02
2021-05-24,0.009862497481215371,9.726885656697954e-05,-9.238031696400506,-9.755143113741845,-9.461821142074381,2.9123506438828892,-11.489999846999622,2021-06-01
2021-05-21,-0.0007841880752526009,6.149509373683789e-07,-14.301723348959001,-10.131007531185162,-9.468650826255917,3.003204269461192,-9.140271087728975,2021-05-28
2021-05-20,0.010499429334508648,0.0001102380163503407,-9.112868744780078,-9.389988747850703,-9.419732031366983,3.028683377384724,-9.140045249002965,2021-05-27
2021-05-19,-0.0029477518113782963,8.689240741484027e-06,-11.653424994024913,-9.306971621732162,-9.456054469555731,3.099190995681273,-8.439472651247627,2021-05-26
2021-05-18,-0.00855377238403321,7.316702199784917e-05,-9.522765757666319,-8.605588243722323,-9.444716498716138,3.06058325302393,-8.41582180865019,2021-05-25
2021-05-17,-0.0025332581839609958,6.417397026605362e-06,-11.956497970047751,-8.60261302475188,-9.479914065125067,2.981633314354737,-8.145705201307708,2021-05-24
2021-05-14,0.014807778563623586,0.00021927030598931018,-8.425205315313844,-8.495667023385213,-9.413534847120395,2.934388614920721,-8.521569618751009,2021-05-21
2021-05-13,0.012099644578093205,0.0001464013989161803,-8.829158401044326,-8.672144102452735,-9.53319710152703,3.141130439960018,-7.7805508354165775,2021-05-20
2021-05-12,-0.021682782358302788,0.00047014305079752663,-7.66247354617032,-8.770550986319003,-9.622152431399902,3.3174533937597452,-7.697533709298038,2021-05-19
2021-05-11,-0.008711750141781494,7.589459053282987e-05,-9.486165147079795,-9.699595070577477,-10.011596602115711,3.083743157863329,-6.996150331288211,2021-05-18
2021-05-10,-0.0104904805031385,0.00011005018118672898,-9.114574103589442,-9.80619072844562,-10.028712110417997,2.978586106957683,-6.993175112317769,2021-05-17
2021-05-07,0.007346291419187523,5.396799761562823e-05,-9.827119323826194,-10.271495095078075,-10.12865896161375,2.814809769672402,-6.886229110951102,2021-05-14
2021-05-06,0.008132299498631923,6.613429513544903e-05,-9.6238231085086,-10.282123629482923,-10.18944698686553,2.911807005426911,-7.0627061900186225,2021-05-13
2021-05-05,0.00070321644711413,4.9451337149182e-07,-14.519691645820878,-10.41103482421559,-10.271608543214505,2.952302695706565,-7.161113073884889,2021-05-12
2021-05-04,-0.0067007374898473415,4.489988290784565e-05,-10.011075371062548,-10.409567195501083,-10.033146812588376,2.969388274715227,-8.090157158143342,2021-05-11
2021-05-03,0.002744321649512216,7.531301315981449e-06,-11.796442713556283,-10.762831982793848,-9.940968714691536,2.907447329518881,-8.19675281601148,2021-05-10
2021-04-30,-0.007220713417121161,5.213870225219355e-05,-9.861603039446585,-10.80489526223595,-9.935750036582672,2.9236991034511264,-8.662057182643913,2021-05-07
2021-04-29,0.0067400415367036,4.542815991648983e-05,-9.999378382722487,-10.303936452027353,-9.976114527182283,2.8684669571674872,-8.672685717048761,2021-05-06
2021-04-28,-0.0008458975873963936,7.155427283630394e-07,-14.15022452154563,-10.088849389722435,-10.020768976113423,2.8495498031123385,-8.80159691178142,2021-05-05
2021-04-27,-0.0002149189814453223,4.619016858549479e-08,-16.890498862683867,-9.745496539821882,-9.775959291476012,2.865623557793666,-8.800129283066912,2021-05-04
2021-04-26,0.0017806845645829128,3.1708375185438376e-06,-12.66151480353675,-9.59797240828726,-9.754370569105607,2.870169015978216,-9.15339407035965,2021-05-03
2021-04-23,0.0108694098955322,0.00011814407147709333,-9.04360573352435,-9.526504463975414,-9.733533959048026,2.8524390993250943,-9.195457349801744,2021-04-30
2021-04-22,-0.009253337860554822,8.56242615615773e-05,-9.36554188551744,-9.866952843801114,-9.78021804399852,2.9290580913534825,-8.694498539593189,2021-04-29
2021-04-21,0.009263020919853204,8.58035565616381e-05,-9.363450100562114,-9.736592234425537,-9.81008687661111,2.8622008809294686,-8.479411477288282,2021-04-28
2021-04-20,-0.006825561005078029,4.6588283034041796e-05,-9.974161485485995,-10.00272394818681,-9.883460690640282,2.9274534491377295,-8.136058627387746,2021-04-27
2021-04-19,-0.0053206898937574465,2.8309740945532627e-05,-10.472304609516998,-10.174709226648153,-9.738900436746395,2.850128352646461,-7.988534495853129,2021-04-26
2021-04-16,0.003602323390516915,1.2976733809865281e-05,-11.25235251087504,-10.335252001183596,-9.754476668788802,2.7880929087757464,-7.917066551541285,2021-04-23
2021-04-15,0.011033101401119794,0.00012172932652739155,-9.013710613069438,-10.084988436521382,-9.7627417225837,2.8075938130211036,-8.257514931366973,2021-04-22
2021-04-14,-0.004096104320730376,1.6778070606306054e-05,-10.995437845281888,-10.775628427268389,-9.827883524096222,2.8326249222122786,-8.1271543219914,2021-04-21
2021-04-13,0.0032890718770630656,1.0817993812487157e-05,-11.434299716479783,-10.92615118566733,-9.841246372962093,2.812410193515358,-8.393286035752663,2021-04-20
2021-04-12,-0.00019609807474019192,3.8454454916809894e-08,-17.073791285110474,-11.042426668161095,-9.762322452202488,2.827905153886959,-8.565271314213996,2021-04-19
2021-04-09,0.0076902881356879504,5.9140531609902854e-05,-9.735594054572855,-9.770730809714529,-9.734217171497678,2.814809769672402,-8.72581408874943,2021-04-16
2021-04-08,0.00421175094059123,1.7738845985571112e-05,-10.939753634744944,-9.526279102434009,-9.633253539505615,2.8302678788376356,-8.47555052408723,2021-04-15
2021-04-07,0.001474145698107776,2.1731055392496624e-06,-13.039353289415795,-9.539154668357787,-9.62555604379116,2.842581085167748,-9.166190514834186,2021-04-14
2021-04-06,-0.0009740049407973572,9.486856246976633e-07,-13.86818836329476,-9.517630174848263,-9.398273176945112,2.8970163469301413,-9.31671327323311,2021-04-13
2021-04-05,0.0143349877622434,0.00020549187414366807,-8.490104066689746,-9.518159483185542,-9.303356554958377,2.885359207552917,-9.432988755726862,2021-04-12
2021-04-01,0.011755830427674141,0.00013819954904422917,-8.886811909702388,-9.351677909462545,-9.319706208618374,2.8524390993250943,-8.16129289728039,2021-04-09
2021-03-31,0.0036159535924209507,1.3075120382541979e-05,-11.244799340977892,-9.646628468981321,-9.357092510332906,2.9652730464058945,-7.916841189999879,2021-04-08
2021-03-30,-0.0031628294096499587,1.0003489874546707e-05,-11.512576538397516,-9.595424707341897,-9.10701909066919,2.9760396713327606,-7.929716755923657,2021-04-07
2021-03-29,-0.0008683896263868007,7.541005432162074e-07,-14.097740131387708,-9.461701968764242,-9.101839299595056,3.032064191765613,-7.908192262414134,2021-04-06
2021-03-26,0.01649441865871637,0.00027206584688901073,-8.209466436815141,-9.3447310082577,-8.878555739098374,2.9370433095675357,-7.908721570751413,2021-04-05
2021-03-25,0.0052265834327283045,2.731717437926999e-05,-10.507994955430886,-10.316449492172916,-8.926891715431772,2.986186833751468,-7.7422399970284195,2021-04-01
2021-03-24,-0.005482336600348248,3.005601459951798e-05,-10.412447763948848,-9.540962656067032,-8.935743282844431,3.054001217665676,-8.037190556547188,2021-03-31
2021-03-23,-0.007660118119334314,5.8677409602153865e-05,-9.743455750139795,-9.603533294058233,-8.925364036283296,3.0106208484645167,-7.985986794907765,2021-03-30
2021-03-22,0.007000556898342225,4.9007796886926916e-05,-9.923531152370549,-9.785741365027423,-8.944424081409304,2.938103116266432,-7.852264056330114,2021-03-29
2021-03-19,-0.0006028856737536614,3.634711356174063e-07,-14.82756594995542,-9.811437596818003,-8.954727827277448,3.042138682785304,-7.735293095823576,2021-03-26
2021-03-18,-0.014870560065947558,0.00022113355667495425,-8.416743710133716,-9.809008935409302,-8.954819631303517,3.071766956294588,-8.70701157973875,2021-03-25
2021-03-17,0.0028752446501592033,8.267031798269119e-06,-11.703235025291418,-10.346086381906833,-9.035743635234805,2.956471535796025,-7.931524743632902,2021-03-24
2021-03-16,-0.0015709169785971255,2.467780153644722e-06,-12.912191534638993,-10.18600551152542,-9.03048103498455,2.9851768058765926,-7.9940953816241,2021-03-23
2021-03-15,0.006470939539413578,4.187305852274601e-05,-10.080867932529786,-9.475459484909095,-9.030370394236245,2.9972311839585806,-8.176303452593285,2021-03-22
2021-03-12,0.001014883327531635,1.0299881685016838e-06,-13.785963242680273,-9.509932370578133,-9.046350492453412,3.029650517569806,-8.201999684383864,2021-03-19
2021-03-11,0.010341825500656654,0.00010695335468603226,-9.143117756064468,-8.815137197939661,-9.046268964850132,3.0869431466430717,-8.199571022975162,2021-03-18
2021-03-10,0.006012203770987767,3.614659418387953e-05,-10.227927827245182,-8.718261402690844,-9.066770981154917,3.1161784029570914,-8.736648469472666,2021-03-17
2021-03-09,0.014055400743931301,0.00019755429007250458,-8.529497124954393,-8.563557612771572,-9.075080212847705,3.1793030783228886,-8.576567599091264,2021-03-16
2021-03-08,-0.00537364322402567,2.8876041499117e-05,-10.452498320539306,-8.712026923385665,-9.107779462976824,3.237501262032374,-7.866021572474968,2021-03-15
2021-03-05,0.019308356338710198,0.00037281262450261025,-7.894434611717063,-8.219374373192364,-9.119274276451254,3.2051824915485305,-7.900494458144003,2021-03-12
2021-03-04,-0.013508038064390604,0.00018246709234902547,-8.608940717096344,-8.520421101410173,-9.197941081322632,3.3523572055609954,-7.205699285505546,2021-03-11
2021-03-03,-0.013152335894801581,0.00017298393948968611,-8.662311803095694,-8.160549459305432,-9.166512933450655,3.2835393410545883,-7.10882349025673,2021-03-10
2021-03-02,-0.008113678739508856,6.583178268795802e-05,-9.628407816675576,-8.192971152364173,-9.08017161279224,3.1822118563252286,-6.9541197003374595,2021-03-09
2021-03-01,0.023512173225693545,0.0005528222897950204,-7.500473964697406,-8.240547611501523,-9.068855928772969,3.1505970004519392,-7.102589010951552,2021-03-08
2021-02-26,-0.004761532293798609,2.2672189784887047e-05,-10.694371504157944,-8.708185271468215,-9.021136508523563,3.3304172268976893,-6.609936460758257,2021-03-05
2021-02-25,-0.024783394424172656,0.0006142166391841123,-7.395162859500483,-8.731731405349674,-9.028860192749121,3.3634954933514023,-6.910983188976062,2021-03-04
2021-02-24,0.011287667670986323,0.0001274114414506298,-8.96808901155386,-10.067026305924498,-9.287520778249556,3.06058325302393,-6.551111546871324,2021-03-03
2021-02-23,0.0012555296115266401,1.5763546054202357e-06,-13.360395588398829,-10.982595531479998,-9.347374027895183,3.1402654506970014,-6.583533239930065,2021-03-02
2021-02-22,-0.007762892893710571,6.026250607922209e-05,-9.716800437353516,-10.997440140290907,-9.348143805330464,3.1548705274270192,-6.631109699067415,2021-03-01
2021-02-19,-0.0018566190956654793,3.447034466389702e-06,-12.577996271526908,-11.606142929522198,-9.281904323556258,3.0933125672924255,-7.098747359034102,2021-02-26
2021-02-18,-0.004425614227242747,1.9586061288373416e-05,-10.840692403477602,-11.62135950905984,-9.25197717706586,3.1130707557941752,-7.12229349291556,2021-02-25
2021-02-17,-0.0003204533489178374,1.0269034883265723e-07,-16.091547698793324,-12.190394746857727,-9.236700948529302,3.068052935133617,-8.457588393490347,2021-02-24
2021-02-16,-0.0005694345154143576,3.242556673451843e-07,-14.941733535582836,-12.14653413935711,-9.23017060905604,3.0661906945405133,-9.373157619045772,2021-02-23
2021-02-12,0.0046999709261612566,2.20897267067611e-05,-10.720397912416788,-11.035978761130197,-9.227927890992776,2.994231113043872,-9.38800222785668,2021-02-22
2021-02-11,0.001661074814588659,2.7591695396607475e-06,-12.800580814939389,-11.126315312431544,-9.238118637249412,3.056356895370426,-9.996705017087864,2021-02-19
2021-02-10,-0.00034524452239104164,1.1919378024101846e-07,-15.94251526286263,-10.191870176165747,-9.219372988081826,3.090587794158219,-10.011921596625502,2021-02-18
2021-02-09,-0.001114145421722057,1.2413200207442202e-06,-13.59933521170239,-10.18709214473265,-9.20576255890441,3.074081201165457,-10.580956834423208,2021-02-17
2021-02-08,0.007372107476289358,5.434796864196145e-05,-9.820103320588426,-9.491286329767949,-9.112525370302492,3.0558861855977573,-10.537096226922609,2021-02-16
2021-02-05,0.0038899196077633036,1.5131474554861414e-05,-11.09873357590018,-9.067505002094924,-9.12160613920447,3.0383127613015377,-9.426540848695964,2021-02-12
2021-02-04,0.010794847643921912,0.00011652873565548646,-9.05737265738659,-8.577045968154392,-9.10728460403223,3.080532896273726,-9.5168773999973,2021-02-11
2021-02-03,0.0010082606153449802,1.0165894684558382e-06,-13.799057191562483,-8.600876333912542,-9.065355122983744,3.1315734898050858,-8.582432263731588,2021-02-10
2021-02-02,0.013802528814311543,0.00019050980166990041,-8.565806912385709,-8.050069577104502,-9.049681190778848,3.241028608615061,-8.577654232298494,2021-02-09
2021-02-01,0.015924300234678057,0.0002535833379641676,-8.279818039593716,-8.175656135330152,-9.125533992241532,3.4091655437424886,-7.88184841733382,2021-02-08
2021-01-29,-0.019500377654791734,0.00038026472867950075,-7.874642893375151,-8.363140314176086,-9.235144188113575,3.49923112654482,-7.458067089660805,2021-02-05
2021-01-28,0.009713298778759594,9.434817316545261e-05,-9.268518648653515,-8.746129757222835,-9.388346410981391,3.40817296509314,-6.967608055720281,2021-02-04
2021-01-27,-0.026013315126100167,0.0006766925638497917,-7.298293503629694,-8.87225358964286,-9.43383773015571,3.616577517754195,-6.99143842147843,2021-02-03
2021-01-26,-0.0014899431611539171,2.2199306234693273e-06,-13.01803461325789,-10.049818201804651,-9.918840567336574,3.136363423179213,-6.440631664670394,2021-02-02
2021-01-25,0.003609317513017629,1.3027172909775764e-05,-11.248473158152336,-9.792253561865355,-9.916916061846464,3.1437211742970916,-6.566218222896044,2021-02-01
2021-01-22,-0.0030151526629378367,9.091145580821127e-06,-11.608209631222584,-9.661459147206406,-9.914806792952929,3.0869431466430717,-6.753702401741975,2021-01-29
2021-01-21,0.00031667316131311907,1.0028189109604473e-07,-16.115280705676525,-9.645724914938812,-9.911795356481207,3.0596455849835826,-7.136691844788722,2021-01-28
2021-01-20,0.013839417376511065,0.00019152947332127642,-8.56046885350324,-9.630185142526216,-9.88211778450592,3.071766956294588,-7.262815677208745,2021-01-27
2021-01-19,0.008103457635762368,6.566602565459542e-05,-9.630928879547186,-10.50337942505188,-10.065613535421681,3.1458749221350946,-8.440380289370502,2021-01-26
2021-01-15,-0.0072160007982784435,5.207066752075514e-05,-9.8629087711913,-10.681758689497704,-9.964852378441954,3.1921210938283986,-8.182815649431216,2021-01-25
2021-01-14,-0.00376051306874281,1.4141458540185467e-05,-11.166399752873042,-10.895311589279915,-9.997255207176766,3.1463051320333655,-8.05202123477227,2021-01-22
2021-01-13,0.0022730563867252584,5.1667853372324876e-06,-12.173259854474344,-9.73526580830553,-10.009854127923147,3.100542596684933,-8.036287002504679,2021-01-21
2021-01-12,0.0004157020305690651,1.7280817821924392e-07,-15.571083654038713,-9.64714113932926,-10.013412668137322,3.149740082763131,-8.020747230092082,2021-01-20
2021-01-11,-0.006576327616620858,4.324808492113018e-05,-10.04855760484697,-9.504208407492335,-9.950946735412018,3.181381617272267,-8.893941512617703,2021-01-19
2021-01-08,0.005476837393516121,2.9995747835016457e-05,-10.4144549251808,-9.114302258009435,-9.98537536587991,3.0708397212700347,-9.072320777063512,2021-01-15
2021-01-07,0.0147382601077517,0.00021721631100374514,-8.434616876021785,-9.094161976969026,-10.01160837808667,3.107720813018059,-9.2858736768457,2021-01-14
2021-01-06,0.005693603382475487,3.241711947693631e-05,-10.336823895791191,-9.5779920844071,-10.164321031483398,3.221671899997255,-8.125827895871392,2021-01-13
2021-01-05,0.00705763138336124,4.98101607434055e-05,-9.90729156375308,-9.66059057541107,-10.20284624223062,3.2323841809146145,-8.037703226895127,2021-01-12
